[259月2026 16:23:44.744] [main/INFO] [cpw.mods.modlauncher.Launcher/MODLAUNCHER]: ModLauncher running: args [--username, rtoks_gui, --version, CGC neoforge 1.21.1, --gameDir, C:\Users\*\AppData\Roaming\PCL2\.minecraft\versions\CGC neoforge 1.21.1, --assetsDir, C:\Users\*\AppData\Roaming\PCL2\.minecraft\assets, --assetIndex, 17, --uuid, 79d929dc9b7b4eaf8a94515af06f9d27, --accessToken, ❄❄❄❄❄❄❄❄, --clientId, ${clientid}, --xuid, ${auth_xuid}, --userType, msa, --width, 1083, --height, 605, --fml.neoForgeVersion, 21.1.219, --fml.fmlVersion, 4.0.42, --fml.mcVersion, 1.21.1, --fml.neoFormVersion, 20240808.144430, --launchTarget, forgeclient]
[259月2026 16:23:44.754] [main/INFO] [cpw.mods.modlauncher.Launcher/MODLAUNCHER]: JVM identified as Oracle Corporation Java HotSpot(TM) 64-Bit Server VM 21.0.11+9-LTS-211
[259月2026 16:23:44.762] [main/INFO] [cpw.mods.modlauncher.Launcher/MODLAUNCHER]: ModLauncher 11.0.5+main.901c6ea8 starting: java version 21.0.11 by Oracle Corporation; OS Windows 10 arch amd64 version 10.0
[259月2026 16:23:45.924] [main/INFO] [Sodium-GraphicsAdapterProbe/]: Searching for graphics cards...
[259月2026 16:23:46.226] [main/INFO] [Sodium-GraphicsAdapterProbe/]: Found graphics adapter: AdapterInfo{vendor=AMD, description='Radeon Pro 580X', adapterType=0x0000030B, openglIcdFilePath='C:\Windows\System32\DriverStore\FileRepository\u0418524.inf_amd64_45d799bfc8c89342\B416406\atig6pxx.dll', openglIcdVersion=30.0.13045.22003}
[259月2026 16:23:46.235] [main/WARN] [Sodium-Workarounds/]: Sodium has applied one or more workarounds to prevent crashes or other issues on your system: [AMD_GAME_OPTIMIZATION_BROKEN]
[259月2026 16:23:46.236] [main/WARN] [Sodium-Workarounds/]: This is not necessarily an issue, but it may result in certain features or optimizations being disabled. You can sometimes fix these issues by upgrading your graphics driver.
[259月2026 16:23:46.237] [main/INFO] [Sodium-AmdWorkarounds/]: Modifying process environment to apply workarounds for the AMD graphics driver...
[259月2026 16:23:46.243] [main/INFO] [net.neoforged.fml.loading.ImmediateWindowHandler/]: Loading ImmediateWindowProvider fmlearlywindow
[259月2026 16:23:46.371] [main/INFO] [EARLYDISPLAY/]: Trying GL version 4.6
[259月2026 16:23:47.886] [main/INFO] [EARLYDISPLAY/]: Requested GL version 4.6 got version 4.6
[259月2026 16:23:48.081] [main/INFO] [CustomSkinLoader Bootstrap/]: Loaded CustomSkinLoader Bootstrap transformation service with 3 other service(s)
[259月2026 16:23:48.228] [main/INFO] [mixin/]: SpongePowered MIXIN Subsystem Version=0.8.7 Source=union:/C:/Users/*/AppData/Roaming/PCL2/.minecraft/libraries/net/fabricmc/sponge-mixin/0.15.2+mixin.0.8.7/sponge-mixin-0.15.2+mixin.0.8.7.jar%23175!/ Service=ModLauncher Env=CLIENT
[259月2026 16:23:48.276] [main/INFO] [CustomSkinLoader Bootstrap/]: Initializing CustomSkinLoader Bootstrap transformation service
[259月2026 16:23:48.331] [main/INFO] [CustomSkinLoader Bootstrap/]: Initializing customskinloader-locator for official mappings in C:\Users\*\AppData\Roaming\PCL2\.minecraft\versions\CGC neoforge 1.21.1
[259月2026 16:23:48.337] [main/INFO] [CustomSkinLoader Bootstrap/]: Releasing CustomSkinLoader Common jar to C:\Users\*\AppData\Roaming\PCL2\.minecraft\versions\CGC neoforge 1.21.1\CustomSkinLoader\Core\CustomSkinLoader-Common.jar
[259月2026 16:23:48.828] [pool-2-thread-1/INFO] [EARLYDISPLAY/]: GL info: Radeon Pro 580X GL version 4.6.14761 Core Profile Forward-Compatible Context FireGL 21.30.45.22 30.0.13045.22003, ATI Technologies Inc.
[259月2026 16:23:49.214] [main/INFO] [CustomSkinLoader Bootstrap/]: Initialized customskinloader-locator with mod folder C:\Users\*\AppData\Roaming\PCL2\.minecraft\versions\CGC neoforge 1.21.1\CustomSkinLoader\Core and Common jar C:\Users\*\AppData\Roaming\PCL2\.minecraft\versions\CGC neoforge 1.21.1\CustomSkinLoader\Core\CustomSkinLoader-Common.jar
[259月2026 16:23:49.804] [main/INFO] [net.neoforged.fml.loading.moddiscovery.ModDiscoverer/SCAN]: Found mod file "client-1.21.1-20240808.144430-srg.jar" [locator: production client provider +net.neoforged:neoforge:21.1.219:client]
[259月2026 16:23:49.875] [main/INFO] [net.neoforged.fml.loading.moddiscovery.ModDiscoverer/SCAN]: Found mod file "neoforge-21.1.219-universal.jar" [locator: PathBasedLocator[name=neoforge, paths=[C:\Users\*\AppData\Roaming\PCL2\.minecraft\libraries\net\neoforged\neoforge\21.1.219\neoforge-21.1.219-universal.jar]], reader: mod manifest]
[259月2026 16:23:49.997] [main/INFO] [net.neoforged.fml.loading.moddiscovery.ModDiscoverer/SCAN]: Found mod file "net.caffeinemc.sodium-neoforge-0.8.13+mc1.21.1-mod.jar" [locator: net.caffeinemc.mods.sodium.service.SodiumServiceModLocator@6650813a, reader: mod manifest]
[259月2026 16:23:50.024] [main/INFO] [net.neoforged.fml.loading.moddiscovery.ModDiscoverer/SCAN]: Found mod file "fabric-rendering-data-attachment-v1-0.3.48+73761d2e19.jar" [locator: net.caffeinemc.mods.sodium.service.SodiumServiceModLocator@6650813a, reader: mod manifest]
[259月2026 16:23:50.036] [main/INFO] [net.neoforged.fml.loading.moddiscovery.ModDiscoverer/SCAN]: Found mod file "fabric-renderer-api-v1-3.4.1+9125b6dc19.jar" [locator: net.caffeinemc.mods.sodium.service.SodiumServiceModLocator@6650813a, reader: mod manifest]
[259月2026 16:23:50.045] [main/INFO] [net.neoforged.fml.loading.moddiscovery.ModDiscoverer/SCAN]: Found mod file "fabric-block-view-api-v2-1.0.10+9afaaf8c19.jar" [locator: net.caffeinemc.mods.sodium.service.SodiumServiceModLocator@6650813a, reader: mod manifest]
[259月2026 16:23:50.054] [main/INFO] [net.neoforged.fml.loading.moddiscovery.ModDiscoverer/SCAN]: Found mod file "fabric-api-base-0.4.42+d1308ded19.jar" [locator: net.caffeinemc.mods.sodium.service.SodiumServiceModLocator@6650813a, reader: mod manifest]
[259月2026 16:23:50.078] [main/INFO] [net.neoforged.fml.loading.moddiscovery.ModDiscoverer/SCAN]: Found mod file "CustomSkinLoader-Common.jar" [locator: {mods folder locator at C:\Users\*\AppData\Roaming\PCL2\.minecraft\versions\CGC neoforge 1.21.1\CustomSkinLoader\Core}, reader: mod manifest]
[259月2026 16:23:50.112] [main/INFO] [net.neoforged.fml.loading.moddiscovery.ModDiscoverer/SCAN]: Found mod file "[实体渲染机制优化] entityculling-neoforge-1.11.2-mc1.21.1.jar" [locator: {mods folder locator at C:\Users\*\AppData\Roaming\PCL2\.minecraft\versions\CGC neoforge 1.21.1\mods}, reader: mod manifest]
[259月2026 16:23:50.128] [main/INFO] [net.neoforged.fml.loading.moddiscovery.ModDiscoverer/SCAN]: Found mod file "[玉 🔍] Jade-1.21.1-NeoForge-15.10.6.jar" [locator: {mods folder locator at C:\Users\*\AppData\Roaming\PCL2\.minecraft\versions\CGC neoforge 1.21.1\mods}, reader: mod manifest]
[259月2026 16:23:50.142] [main/INFO] [net.neoforged.fml.loading.moddiscovery.ModDiscoverer/SCAN]: Found mod file "[输入法冲突修复] IMBlocker-5.6.1-neoforge+1.20.6-1.21.8.jar" [locator: {mods folder locator at C:\Users\*\AppData\Roaming\PCL2\.minecraft\versions\CGC neoforge 1.21.1\mods}, reader: mod manifest]
[259月2026 16:23:50.158] [main/INFO] [net.neoforged.fml.loading.moddiscovery.ModDiscoverer/SCAN]: Found mod file "[锂] lithium-neoforge-0.15.4+mc1.21.1.jar" [locator: {mods folder locator at C:\Users\*\AppData\Roaming\PCL2\.minecraft\versions\CGC neoforge 1.21.1\mods}, reader: mod manifest]
[259月2026 16:23:50.172] [main/INFO] [net.neoforged.fml.loading.moddiscovery.ModDiscoverer/SCAN]: Found mod file "accessible-step-neoforge-mc1.21.1-2.2.2+1.21.1.jar" [locator: {mods folder locator at C:\Users\*\AppData\Roaming\PCL2\.minecraft\versions\CGC neoforge 1.21.1\mods}, reader: mod manifest]
[259月2026 16:23:50.187] [main/INFO] [net.neoforged.fml.loading.moddiscovery.ModDiscoverer/SCAN]: Found mod file "armorscaling-0.5.4-customgun-neoforge-1.21.1.jar" [locator: {mods folder locator at C:\Users\*\AppData\Roaming\PCL2\.minecraft\versions\CGC neoforge 1.21.1\mods}, reader: mod manifest]
[259月2026 16:23:50.203] [main/INFO] [net.neoforged.fml.loading.moddiscovery.ModDiscoverer/SCAN]: Found mod file "battleroyale-0.5.6-neoforge-1.21.1.jar" [locator: {mods folder locator at C:\Users\*\AppData\Roaming\PCL2\.minecraft\versions\CGC neoforge 1.21.1\mods}, reader: mod manifest]
[259月2026 16:23:50.219] [main/INFO] [net.neoforged.fml.loading.moddiscovery.ModDiscoverer/SCAN]: Found mod file "bookshelf-neoforge-1.21.1-21.1.81.jar" [locator: {mods folder locator at C:\Users\*\AppData\Roaming\PCL2\.minecraft\versions\CGC neoforge 1.21.1\mods}, reader: mod manifest]
[259月2026 16:23:50.238] [main/INFO] [net.neoforged.fml.loading.moddiscovery.ModDiscoverer/SCAN]: Found mod file "cameraoverhaulneoforge-1.1-1.21.jar" [locator: {mods folder locator at C:\Users\*\AppData\Roaming\PCL2\.minecraft\versions\CGC neoforge 1.21.1\mods}, reader: mod manifest]
[259月2026 16:23:50.252] [main/INFO] [net.neoforged.fml.loading.moddiscovery.ModDiscoverer/SCAN]: Found mod file "cbraddon-0.5.5-neoforge-1.21.1.jar" [locator: {mods folder locator at C:\Users\*\AppData\Roaming\PCL2\.minecraft\versions\CGC neoforge 1.21.1\mods}, reader: mod manifest]
[259月2026 16:23:50.266] [main/INFO] [net.neoforged.fml.loading.moddiscovery.ModDiscoverer/SCAN]: Found mod file "cbramachinemax-0.5.6-neoforge-1.21.1.jar" [locator: {mods folder locator at C:\Users\*\AppData\Roaming\PCL2\.minecraft\versions\CGC neoforge 1.21.1\mods}, reader: mod manifest]
[259月2026 16:23:50.279] [main/INFO] [net.neoforged.fml.loading.moddiscovery.ModDiscoverer/SCAN]: Found mod file "cbrantisea-0.5.5-dev1-neoforge-1.21.1.jar" [locator: {mods folder locator at C:\Users\*\AppData\Roaming\PCL2\.minecraft\versions\CGC neoforge 1.21.1\mods}, reader: mod manifest]
[259月2026 16:23:50.293] [main/INFO] [net.neoforged.fml.loading.moddiscovery.ModDiscoverer/SCAN]: Found mod file "cgcclegacyitem-26.9.19-neoforge-1.21.x.jar" [locator: {mods folder locator at C:\Users\*\AppData\Roaming\PCL2\.minecraft\versions\CGC neoforge 1.21.1\mods}, reader: mod manifest]
[259月2026 16:23:50.306] [main/INFO] [net.neoforged.fml.loading.moddiscovery.ModDiscoverer/SCAN]: Found mod file "cgccmachinemax-0.0.12.3-neoforge-1.21.1.jar" [locator: {mods folder locator at C:\Users\*\AppData\Roaming\PCL2\.minecraft\versions\CGC neoforge 1.21.1\mods}, reader: mod manifest]
[259月2026 16:23:50.320] [main/INFO] [net.neoforged.fml.loading.moddiscovery.ModDiscoverer/SCAN]: Found mod file "cgcconfig-26.9.19-neoforge-1.21.x.jar" [locator: {mods folder locator at C:\Users\*\AppData\Roaming\PCL2\.minecraft\versions\CGC neoforge 1.21.1\mods}, reader: mod manifest]
[259月2026 16:23:50.332] [main/INFO] [net.neoforged.fml.loading.moddiscovery.ModDiscoverer/SCAN]: Found mod file "cgccpackloader-26.9.1-neoforge-1.21.1.jar" [locator: {mods folder locator at C:\Users\*\AppData\Roaming\PCL2\.minecraft\versions\CGC neoforge 1.21.1\mods}, reader: mod manifest]
[259月2026 16:23:50.346] [main/INFO] [net.neoforged.fml.loading.moddiscovery.ModDiscoverer/SCAN]: Found mod file "cgccshader-26.9.19-neoforge-1.21.1.jar" [locator: {mods folder locator at C:\Users\*\AppData\Roaming\PCL2\.minecraft\versions\CGC neoforge 1.21.1\mods}, reader: mod manifest]
[259月2026 16:23:50.359] [main/INFO] [net.neoforged.fml.loading.moddiscovery.ModDiscoverer/SCAN]: Found mod file "chat_heads-0.15.7-neoforge-1.21.jar" [locator: {mods folder locator at C:\Users\*\AppData\Roaming\PCL2\.minecraft\versions\CGC neoforge 1.21.1\mods}, reader: mod manifest]
[259月2026 16:23:50.371] [main/INFO] [net.neoforged.fml.loading.moddiscovery.ModDiscoverer/SCAN]: Found mod file "chatanimation-neoforge-1.3.3+mc1.21.jar" [locator: {mods folder locator at C:\Users\*\AppData\Roaming\PCL2\.minecraft\versions\CGC neoforge 1.21.1\mods}, reader: mod manifest]
[259月2026 16:23:50.385] [main/INFO] [net.neoforged.fml.loading.moddiscovery.ModDiscoverer/SCAN]: Found mod file "cloth-config-15.0.140-neoforge.jar" [locator: {mods folder locator at C:\Users\*\AppData\Roaming\PCL2\.minecraft\versions\CGC neoforge 1.21.1\mods}, reader: mod manifest]
[259月2026 16:23:50.400] [main/INFO] [net.neoforged.fml.loading.moddiscovery.ModDiscoverer/SCAN]: Found mod file "Controlling-neoforge-1.21.1-19.0.5.jar" [locator: {mods folder locator at C:\Users\*\AppData\Roaming\PCL2\.minecraft\versions\CGC neoforge 1.21.1\mods}, reader: mod manifest]
[259月2026 16:23:50.417] [main/INFO] [net.neoforged.fml.loading.moddiscovery.ModDiscoverer/SCAN]: Found mod file "CreativeCore_NEOFORGE_v2.13.48_mc1.21.1.jar" [locator: {mods folder locator at C:\Users\*\AppData\Roaming\PCL2\.minecraft\versions\CGC neoforge 1.21.1\mods}, reader: mod manifest]
[259月2026 16:23:50.433] [main/INFO] [net.neoforged.fml.loading.moddiscovery.ModDiscoverer/SCAN]: Found mod file "cupboard-1.21.1-4.2.jar" [locator: {mods folder locator at C:\Users\*\AppData\Roaming\PCL2\.minecraft\versions\CGC neoforge 1.21.1\mods}, reader: mod manifest]
[259月2026 16:23:50.451] [main/INFO] [net.neoforged.fml.loading.moddiscovery.ModDiscoverer/SCAN]: Found mod file "customgun-26.9.19-neoforge-1.21.1.jar" [locator: {mods folder locator at C:\Users\*\AppData\Roaming\PCL2\.minecraft\versions\CGC neoforge 1.21.1\mods}, reader: mod manifest]
[259月2026 16:23:50.467] [main/INFO] [net.neoforged.fml.loading.moddiscovery.ModDiscoverer/SCAN]: Found mod file "gliders-1.21.1-neoforge-1.1.8.jar" [locator: {mods folder locator at C:\Users\*\AppData\Roaming\PCL2\.minecraft\versions\CGC neoforge 1.21.1\mods}, reader: mod manifest]
[259月2026 16:23:50.483] [main/INFO] [net.neoforged.fml.loading.moddiscovery.ModDiscoverer/SCAN]: Found mod file "gpumemleakfix-1.21-1.8.jar" [locator: {mods folder locator at C:\Users\*\AppData\Roaming\PCL2\.minecraft\versions\CGC neoforge 1.21.1\mods}, reader: mod manifest]
[259月2026 16:23:50.498] [main/INFO] [net.neoforged.fml.loading.moddiscovery.ModDiscoverer/SCAN]: Found mod file "invtweaks-1.21.1-1.3.2.jar" [locator: {mods folder locator at C:\Users\*\AppData\Roaming\PCL2\.minecraft\versions\CGC neoforge 1.21.1\mods}, reader: mod manifest]
[259月2026 16:23:50.514] [main/INFO] [net.neoforged.fml.loading.moddiscovery.ModDiscoverer/SCAN]: Found mod file "iris-neoforge-1.8.14-beta.1+mc1.21.1.jar" [locator: {mods folder locator at C:\Users\*\AppData\Roaming\PCL2\.minecraft\versions\CGC neoforge 1.21.1\mods}, reader: mod manifest]
[259月2026 16:23:50.528] [main/INFO] [net.neoforged.fml.loading.moddiscovery.ModDiscoverer/SCAN]: Found mod file "ItemPhysic_NEOFORGE_v1.8.14_mc1.21.1.jar" [locator: {mods folder locator at C:\Users\*\AppData\Roaming\PCL2\.minecraft\versions\CGC neoforge 1.21.1\mods}, reader: mod manifest]
[259月2026 16:23:50.545] [main/INFO] [net.neoforged.fml.loading.moddiscovery.ModDiscoverer/SCAN]: Found mod file "journeymap-neoforge-1.21.1-6.0.9.jar" [locator: {mods folder locator at C:\Users\*\AppData\Roaming\PCL2\.minecraft\versions\CGC neoforge 1.21.1\mods}, reader: mod manifest]
[259月2026 16:23:50.561] [main/INFO] [net.neoforged.fml.loading.moddiscovery.ModDiscoverer/SCAN]: Found mod file "Kiwi-1.21.1-NeoForge-15.8.7.jar" [locator: {mods folder locator at C:\Users\*\AppData\Roaming\PCL2\.minecraft\versions\CGC neoforge 1.21.1\mods}, reader: mod manifest]
[259月2026 16:23:50.576] [main/INFO] [net.neoforged.fml.loading.moddiscovery.ModDiscoverer/SCAN]: Found library file "kotlinforforge-5.10.0-all.jar" [locator: {mods folder locator at C:\Users\*\AppData\Roaming\PCL2\.minecraft\versions\CGC neoforge 1.21.1\mods}, reader: mod manifest]
[259月2026 16:23:50.591] [main/INFO] [net.neoforged.fml.loading.moddiscovery.ModDiscoverer/SCAN]: Found mod file "LongerChatHistory-neoforge-1.7.jar" [locator: {mods folder locator at C:\Users\*\AppData\Roaming\PCL2\.minecraft\versions\CGC neoforge 1.21.1\mods}, reader: mod manifest]
[259月2026 16:23:50.611] [main/INFO] [net.neoforged.fml.loading.moddiscovery.ModDiscoverer/SCAN]: Found mod file "MachineMax-1.21.1-1.0.1-beta.1.jar" [locator: {mods folder locator at C:\Users\*\AppData\Roaming\PCL2\.minecraft\versions\CGC neoforge 1.21.1\mods}, reader: mod manifest]
[259月2026 16:23:50.628] [main/INFO] [net.neoforged.fml.loading.moddiscovery.ModDiscoverer/SCAN]: Found mod file "modernfix-neoforge-5.27.24+mc1.21.1.jar" [locator: {mods folder locator at C:\Users\*\AppData\Roaming\PCL2\.minecraft\versions\CGC neoforge 1.21.1\mods}, reader: mod manifest]
[259月2026 16:23:50.762] [main/INFO] [net.neoforged.fml.loading.moddiscovery.ModDiscoverer/SCAN]: Found mod file "ModernUI-NeoForge-1.21.1-3.13.0.1-universal.jar" [locator: {mods folder locator at C:\Users\*\AppData\Roaming\PCL2\.minecraft\versions\CGC neoforge 1.21.1\mods}, reader: mod manifest]
[259月2026 16:23:50.775] [main/INFO] [net.neoforged.fml.loading.moddiscovery.ModDiscoverer/SCAN]: Found mod file "MouseTweaks-neoforge-mc1.21-2.26.1.jar" [locator: {mods folder locator at C:\Users\*\AppData\Roaming\PCL2\.minecraft\versions\CGC neoforge 1.21.1\mods}, reader: mod manifest]
[259月2026 16:23:50.789] [main/INFO] [net.neoforged.fml.loading.moddiscovery.ModDiscoverer/SCAN]: Found mod file "nospread-1.1.jar" [locator: {mods folder locator at C:\Users\*\AppData\Roaming\PCL2\.minecraft\versions\CGC neoforge 1.21.1\mods}, reader: mod manifest]
[259月2026 16:23:50.802] [main/INFO] [net.neoforged.fml.loading.moddiscovery.ModDiscoverer/SCAN]: Found mod file "PassableFoliage-1.21.1-NeoForge-9.3.2.jar" [locator: {mods folder locator at C:\Users\*\AppData\Roaming\PCL2\.minecraft\versions\CGC neoforge 1.21.1\mods}, reader: mod manifest]
[259月2026 16:23:50.819] [main/INFO] [net.neoforged.fml.loading.moddiscovery.ModDiscoverer/SCAN]: Found mod file "physics-mod-3.0.34-mc-1.21.1-neoforge.jar" [locator: {mods folder locator at C:\Users\*\AppData\Roaming\PCL2\.minecraft\versions\CGC neoforge 1.21.1\mods}, reader: mod manifest]
[259月2026 16:23:50.832] [main/INFO] [net.neoforged.fml.loading.moddiscovery.ModDiscoverer/SCAN]: Found mod file "PickUpNotifier-v21.1.1-1.21.1-NeoForge.jar" [locator: {mods folder locator at C:\Users\*\AppData\Roaming\PCL2\.minecraft\versions\CGC neoforge 1.21.1\mods}, reader: mod manifest]
[259月2026 16:23:50.846] [main/INFO] [net.neoforged.fml.loading.moddiscovery.ModDiscoverer/SCAN]: Found mod file "PlayerRevive_NEOFORGE_v2.1.2_mc1.21.1.jar" [locator: {mods folder locator at C:\Users\*\AppData\Roaming\PCL2\.minecraft\versions\CGC neoforge 1.21.1\mods}, reader: mod manifest]
[259月2026 16:23:50.859] [main/INFO] [net.neoforged.fml.loading.moddiscovery.ModDiscoverer/SCAN]: Found mod file "prickle-neoforge-1.21.1-21.1.11.jar" [locator: {mods folder locator at C:\Users\*\AppData\Roaming\PCL2\.minecraft\versions\CGC neoforge 1.21.1\mods}, reader: mod manifest]
[259月2026 16:23:50.874] [main/INFO] [net.neoforged.fml.loading.moddiscovery.ModDiscoverer/SCAN]: Found mod file "PuzzlesLib-v21.1.60-mc1.21.1-NeoForge.jar" [locator: {mods folder locator at C:\Users\*\AppData\Roaming\PCL2\.minecraft\versions\CGC neoforge 1.21.1\mods}, reader: mod manifest]
[259月2026 16:23:50.887] [main/INFO] [net.neoforged.fml.loading.moddiscovery.ModDiscoverer/SCAN]: Found mod file "reeses-sodium-options-neoforge-2.2.4+mc1.21.1.jar" [locator: {mods folder locator at C:\Users\*\AppData\Roaming\PCL2\.minecraft\versions\CGC neoforge 1.21.1\mods}, reader: mod manifest]
[259月2026 16:23:50.910] [main/INFO] [net.neoforged.fml.loading.moddiscovery.ModDiscoverer/SCAN]: Found mod file "reforgedplaymod-1.21.1-0.3.jar" [locator: {mods folder locator at C:\Users\*\AppData\Roaming\PCL2\.minecraft\versions\CGC neoforge 1.21.1\mods}, reader: mod manifest]
[259月2026 16:23:50.924] [main/INFO] [net.neoforged.fml.loading.moddiscovery.ModDiscoverer/SCAN]: Found mod file "Searchables-neoforge-1.21.1-1.0.2.jar" [locator: {mods folder locator at C:\Users\*\AppData\Roaming\PCL2\.minecraft\versions\CGC neoforge 1.21.1\mods}, reader: mod manifest]
[259月2026 16:23:50.939] [main/INFO] [net.neoforged.fml.loading.moddiscovery.ModDiscoverer/SCAN]: Found mod file "ShoulderSurfing-NeoForge-1.21.1-5.1.1.jar" [locator: {mods folder locator at C:\Users\*\AppData\Roaming\PCL2\.minecraft\versions\CGC neoforge 1.21.1\mods}, reader: mod manifest]
[259月2026 16:23:50.953] [main/INFO] [net.neoforged.fml.loading.moddiscovery.ModDiscoverer/SCAN]: Found mod file "smoothchunk-1.21-4.1.jar" [locator: {mods folder locator at C:\Users\*\AppData\Roaming\PCL2\.minecraft\versions\CGC neoforge 1.21.1\mods}, reader: mod manifest]
[259月2026 16:23:50.967] [main/INFO] [net.neoforged.fml.loading.moddiscovery.ModDiscoverer/SCAN]: Found mod file "smoothswapping-0.9.3.2-1.21.1-neoforge.jar" [locator: {mods folder locator at C:\Users\*\AppData\Roaming\PCL2\.minecraft\versions\CGC neoforge 1.21.1\mods}, reader: mod manifest]
[259月2026 16:23:50.981] [main/INFO] [net.neoforged.fml.loading.moddiscovery.ModDiscoverer/SCAN]: Found mod file "sodiumdynamiclights-neoforge-1.0.10-1.21.1.jar" [locator: {mods folder locator at C:\Users\*\AppData\Roaming\PCL2\.minecraft\versions\CGC neoforge 1.21.1\mods}, reader: mod manifest]
[259月2026 16:23:50.997] [main/INFO] [net.neoforged.fml.loading.moddiscovery.ModDiscoverer/SCAN]: Found mod file "sound-physics-remastered-neoforge-1.21.1-1.5.1.jar" [locator: {mods folder locator at C:\Users\*\AppData\Roaming\PCL2\.minecraft\versions\CGC neoforge 1.21.1\mods}, reader: mod manifest]
[259月2026 16:23:51.015] [main/INFO] [net.neoforged.fml.loading.moddiscovery.ModDiscoverer/SCAN]: Found mod file "SparkCore-1.21.1-neoforge-1.0.1023.jar" [locator: {mods folder locator at C:\Users\*\AppData\Roaming\PCL2\.minecraft\versions\CGC neoforge 1.21.1\mods}, reader: mod manifest]
[259月2026 16:23:51.029] [main/INFO] [net.neoforged.fml.loading.moddiscovery.ModDiscoverer/SCAN]: Found mod file "tramplenomore-neoforge-1.21.1-21.1.2.jar" [locator: {mods folder locator at C:\Users\*\AppData\Roaming\PCL2\.minecraft\versions\CGC neoforge 1.21.1\mods}, reader: mod manifest]
[259月2026 16:23:51.046] [main/INFO] [net.neoforged.fml.loading.moddiscovery.ModDiscoverer/SCAN]: Found mod file "worldedit-mod-7.3.8.jar" [locator: {mods folder locator at C:\Users\*\AppData\Roaming\PCL2\.minecraft\versions\CGC neoforge 1.21.1\mods}, reader: mod manifest]
[259月2026 16:23:57.069] [main/WARN] [net.neoforged.jarjar.selection.JarSelector/]: Attempted to select a dependency jar for JarJar which was passed in as source: fabric_renderer_api_v1. Using Mod File: 
[259月2026 16:23:57.070] [main/WARN] [net.neoforged.jarjar.selection.JarSelector/]: Attempted to select a dependency jar for JarJar which was passed in as source: fabric_block_view_api_v2. Using Mod File: 
[259月2026 16:23:57.070] [main/WARN] [net.neoforged.jarjar.selection.JarSelector/]: Attempted to select a dependency jar for JarJar which was passed in as source: fabric_api_base. Using Mod File: 
[259月2026 16:23:57.070] [main/WARN] [net.neoforged.jarjar.selection.JarSelector/]: Attempted to select a dependency jar for JarJar which was passed in as source: fabric_rendering_data_attachment_v1. Using Mod File: 
[259月2026 16:23:57.071] [main/INFO] [net.neoforged.fml.loading.moddiscovery.locators.JarInJarDependencyLocator/]: Found 55 dependencies adding them to mods collection
[259月2026 16:23:57.071] [main/INFO] [net.neoforged.fml.loading.moddiscovery.ModDiscoverer/SCAN]: Found library file "luaj-core-3.0.8-figura.jar" [parent: customgun-26.9.19-neoforge-1.21.1.jar, locator: jarinjar]
[259月2026 16:23:57.071] [main/INFO] [net.neoforged.fml.loading.moddiscovery.ModDiscoverer/SCAN]: Found library file "google-api-services-youtube-v3-rev178-1.22.0.jar" [parent: reforgedplaymod-1.21.1-0.3.jar, locator: jarinjar]
[259月2026 16:23:57.072] [main/INFO] [net.neoforged.fml.loading.moddiscovery.ModDiscoverer/SCAN]: Found mod file "playeranimator-658587-6024462.jar" [parent: gliders-1.21.1-neoforge-1.1.8.jar, locator: jarinjar, reader: mod manifest]
[259月2026 16:23:57.072] [main/INFO] [net.neoforged.fml.loading.moddiscovery.ModDiscoverer/SCAN]: Found library file "net.neoforged.neoforge-coremods-21.1.219.jar" [parent: neoforge-21.1.219-universal.jar, locator: jarinjar, reader: mod manifest]
[259月2026 16:23:57.072] [main/INFO] [net.neoforged.fml.loading.moddiscovery.ModDiscoverer/SCAN]: Found library file "lwjgl-tinyexr-3.3.1.jar" [parent: reforgedplaymod-1.21.1-0.3.jar, locator: jarinjar]
[259月2026 16:23:57.072] [main/INFO] [net.neoforged.fml.loading.moddiscovery.ModDiscoverer/SCAN]: Found library file "isoparser-1.1.7.jar" [parent: reforgedplaymod-1.21.1-0.3.jar, locator: jarinjar]
[259月2026 16:23:57.073] [main/INFO] [net.neoforged.fml.loading.moddiscovery.ModDiscoverer/SCAN]: Found mod file "common-networking-neoforge-1.0.21-1.21.1.jar" [parent: journeymap-neoforge-1.21.1-6.0.9.jar, locator: jarinjar, reader: mod manifest]
[259月2026 16:23:57.073] [main/INFO] [net.neoforged.fml.loading.moddiscovery.ModDiscoverer/SCAN]: Found mod file "TRender-1.0.17-1.21.1-neoforge-SNAPSHOT.jar" [parent: [实体渲染机制优化] entityculling-neoforge-1.11.2-mc1.21.1.jar, locator: jarinjar, reader: mod manifest]
[259月2026 16:23:57.073] [main/INFO] [net.neoforged.fml.loading.moddiscovery.ModDiscoverer/SCAN]: Found library file "truffle-api-24.2.2.jar" [parent: SparkCore-1.21.1-neoforge-1.0.1023.jar, locator: jarinjar]
[259月2026 16:23:57.074] [main/INFO] [net.neoforged.fml.loading.moddiscovery.ModDiscoverer/SCAN]: Found mod file "io.github.sweetzonzi.terminal_ballistics-1.21.1-1.0-SNAPSHOT.jar" [parent: MachineMax-1.21.1-1.0.1-beta.1.jar, locator: jarinjar, reader: mod manifest]
[259月2026 16:23:57.074] [main/INFO] [net.neoforged.fml.loading.moddiscovery.ModDiscoverer/SCAN]: Found library file "xz-24.2.2.jar" [parent: SparkCore-1.21.1-neoforge-1.0.1023.jar, locator: jarinjar]
[259月2026 16:23:57.074] [main/INFO] [net.neoforged.fml.loading.moddiscovery.ModDiscoverer/SCAN]: Found library file "arc3d-compiler-2026.2.0.jar" [parent: ModernUI-NeoForge-1.21.1-3.13.0.1-universal.jar, locator: jarinjar]
[259月2026 16:23:57.074] [main/INFO] [net.neoforged.fml.loading.moddiscovery.ModDiscoverer/SCAN]: Found library file "commons-math3-3.6.1.jar" [parent: customgun-26.9.19-neoforge-1.21.1.jar, locator: jarinjar]
[259月2026 16:23:57.074] [main/INFO] [net.neoforged.fml.loading.moddiscovery.ModDiscoverer/SCAN]: Found library file "kotlinx-coroutines-core-jvm-1.10.2.jar" [parent: kotlinforforge-5.10.0-all.jar, locator: jarinjar]
[259月2026 16:23:57.075] [main/INFO] [net.neoforged.fml.loading.moddiscovery.ModDiscoverer/SCAN]: Found mod file "emlib-1.0.2+1.21-neoforge-SNAPSHOT.jar" [parent: chatanimation-neoforge-1.3.3+mc1.21.jar, locator: jarinjar, reader: mod manifest]
[259月2026 16:23:57.075] [main/INFO] [net.neoforged.fml.loading.moddiscovery.ModDiscoverer/SCAN]: Found library file "kotlinx-coroutines-jdk8-1.10.2.jar" [parent: kotlinforforge-5.10.0-all.jar, locator: jarinjar]
[259月2026 16:23:57.075] [main/INFO] [net.neoforged.fml.loading.moddiscovery.ModDiscoverer/SCAN]: Found library file "truffle-runtime-24.2.2.jar" [parent: SparkCore-1.21.1-neoforge-1.0.1023.jar, locator: jarinjar]
[259月2026 16:23:57.075] [main/INFO] [net.neoforged.fml.loading.moddiscovery.ModDiscoverer/SCAN]: Found library file "google-oauth-client-jetty-1.20.0.jar" [parent: reforgedplaymod-1.21.1-0.3.jar, locator: jarinjar]
[259月2026 16:23:57.076] [main/INFO] [net.neoforged.fml.loading.moddiscovery.ModDiscoverer/SCAN]: Found library file "kotlin-stdlib-jdk7-2.2.20.jar" [parent: kotlinforforge-5.10.0-all.jar, locator: jarinjar]
[259月2026 16:23:57.076] [main/INFO] [net.neoforged.fml.loading.moddiscovery.ModDiscoverer/SCAN]: Found library file "kotlin-stdlib-jdk8-2.2.20.jar" [parent: kotlinforforge-5.10.0-all.jar, locator: jarinjar]
[259月2026 16:23:57.077] [main/INFO] [net.neoforged.fml.loading.moddiscovery.ModDiscoverer/SCAN]: Found library file "kotlinx-serialization-json-jvm-1.9.0.jar" [parent: kotlinforforge-5.10.0-all.jar, locator: jarinjar]
[259月2026 16:23:57.077] [main/INFO] [net.neoforged.fml.loading.moddiscovery.ModDiscoverer/SCAN]: Found library file "jankson-1.2.3.jar" [parent: accessible-step-neoforge-mc1.21.1-2.2.2+1.21.1.jar, locator: jarinjar]
[259月2026 16:23:57.078] [main/INFO] [net.neoforged.fml.loading.moddiscovery.ModDiscoverer/SCAN]: Found gamelibrary file "mixinextras-neoforge-0.5.4.jar" [parent: emlib-1.0.2+1.21-neoforge-SNAPSHOT.jar, locator: jarinjar, reader: mod manifest]
[259月2026 16:23:57.078] [main/INFO] [net.neoforged.fml.loading.moddiscovery.ModDiscoverer/SCAN]: Found library file "google-api-client-java6-1.20.0.jar" [parent: reforgedplaymod-1.21.1-0.3.jar, locator: jarinjar]
[259月2026 16:23:57.078] [main/INFO] [net.neoforged.fml.loading.moddiscovery.ModDiscoverer/SCAN]: Found library file "icu4j-24.2.2.jar" [parent: SparkCore-1.21.1-neoforge-1.0.1023.jar, locator: jarinjar]
[259月2026 16:23:57.078] [main/INFO] [net.neoforged.fml.loading.moddiscovery.ModDiscoverer/SCAN]: Found library file "nativebridge-24.2.2.jar" [parent: SparkCore-1.21.1-neoforge-1.0.1023.jar, locator: jarinjar]
[259月2026 16:23:57.079] [main/INFO] [net.neoforged.fml.loading.moddiscovery.ModDiscoverer/SCAN]: Found library file "pngj-2.1.0.jar" [parent: journeymap-neoforge-1.21.1-6.0.9.jar, locator: jarinjar]
[259月2026 16:23:57.079] [main/INFO] [net.neoforged.fml.loading.moddiscovery.ModDiscoverer/SCAN]: Found library file "thedarkcolour.kfflang-5.10.0.jar" [parent: kotlinforforge-5.10.0-all.jar, locator: jarinjar, reader: mod manifest]
[259月2026 16:23:57.079] [main/INFO] [net.neoforged.fml.loading.moddiscovery.ModDiscoverer/SCAN]: Found library file "regex-24.2.2.jar" [parent: SparkCore-1.21.1-neoforge-1.0.1023.jar, locator: jarinjar]
[259月2026 16:23:57.079] [main/INFO] [net.neoforged.fml.loading.moddiscovery.ModDiscoverer/SCAN]: Found library file "bcel-6.6.1.jar" [parent: customgun-26.9.19-neoforge-1.21.1.jar, locator: jarinjar]
[259月2026 16:23:57.080] [main/INFO] [net.neoforged.fml.loading.moddiscovery.ModDiscoverer/SCAN]: Found library file "luaj-jse-3.0.8-figura.jar" [parent: customgun-26.9.19-neoforge-1.21.1.jar, locator: jarinjar]
[259月2026 16:23:57.080] [main/INFO] [net.neoforged.fml.loading.moddiscovery.ModDiscoverer/SCAN]: Found library file "lwjgl-utils-27dcd66.jar" [parent: reforgedplaymod-1.21.1-0.3.jar, locator: jarinjar]
[259月2026 16:23:57.080] [main/INFO] [net.neoforged.fml.loading.moddiscovery.ModDiscoverer/SCAN]: Found gamelibrary file "thedarkcolour.kfflib-5.10.0.jar" [parent: kotlinforforge-5.10.0-all.jar, locator: jarinjar, reader: mod manifest]
[259月2026 16:23:57.080] [main/INFO] [net.neoforged.fml.loading.moddiscovery.ModDiscoverer/SCAN]: Found library file "jcpp-1.4.14.jar" [parent: iris-neoforge-1.8.14-beta.1+mc1.21.1.jar, locator: jarinjar]
[259月2026 16:23:57.081] [main/INFO] [net.neoforged.fml.loading.moddiscovery.ModDiscoverer/SCAN]: Found library file "glsl-transformer-3.0.0-pre3.jar" [parent: iris-neoforge-1.8.14-beta.1+mc1.21.1.jar, locator: jarinjar]
[259月2026 16:23:57.081] [main/INFO] [net.neoforged.fml.loading.moddiscovery.ModDiscoverer/SCAN]: Found library file "google-api-client-gson-1.20.0.jar" [parent: reforgedplaymod-1.21.1-0.3.jar, locator: jarinjar]
[259月2026 16:23:57.081] [main/INFO] [net.neoforged.fml.loading.moddiscovery.ModDiscoverer/SCAN]: Found mod file "thedarkcolour.kffmod-5.10.0.jar" [parent: kotlinforforge-5.10.0-all.jar, locator: jarinjar, reader: mod manifest]
[259月2026 16:23:57.081] [main/INFO] [net.neoforged.fml.loading.moddiscovery.ModDiscoverer/SCAN]: Found library file "kotlin-stdlib-2.2.20.jar" [parent: kotlinforforge-5.10.0-all.jar, locator: jarinjar]
[259月2026 16:23:57.081] [main/INFO] [net.neoforged.fml.loading.moddiscovery.ModDiscoverer/SCAN]: Found library file "kotlin-reflect-2.2.20.jar" [parent: kotlinforforge-5.10.0-all.jar, locator: jarinjar]
[259月2026 16:23:57.082] [main/INFO] [net.neoforged.fml.loading.moddiscovery.ModDiscoverer/SCAN]: Found library file "commons-exec-1.3.jar" [parent: reforgedplaymod-1.21.1-0.3.jar, locator: jarinjar]
[259月2026 16:23:57.082] [main/INFO] [net.neoforged.fml.loading.moddiscovery.ModDiscoverer/SCAN]: Found library file "aspectjrt-1.8.2.jar" [parent: reforgedplaymod-1.21.1-0.3.jar, locator: jarinjar]
[259月2026 16:23:57.082] [main/INFO] [net.neoforged.fml.loading.moddiscovery.ModDiscoverer/SCAN]: Found library file "polyglot-24.2.2.jar" [parent: SparkCore-1.21.1-neoforge-1.0.1023.jar, locator: jarinjar]
[259月2026 16:23:57.082] [main/INFO] [net.neoforged.fml.loading.moddiscovery.ModDiscoverer/SCAN]: Found library file "js-language-24.2.2.jar" [parent: SparkCore-1.21.1-neoforge-1.0.1023.jar, locator: jarinjar]
[259月2026 16:23:57.083] [main/INFO] [net.neoforged.fml.loading.moddiscovery.ModDiscoverer/SCAN]: Found library file "collections-24.2.2.jar" [parent: SparkCore-1.21.1-neoforge-1.0.1023.jar, locator: jarinjar]
[259月2026 16:23:57.083] [main/INFO] [net.neoforged.fml.loading.moddiscovery.ModDiscoverer/SCAN]: Found library file "opennbt-0a02214.jar" [parent: reforgedplaymod-1.21.1-0.3.jar, locator: jarinjar]
[259月2026 16:23:57.083] [main/INFO] [net.neoforged.fml.loading.moddiscovery.ModDiscoverer/SCAN]: Found library file "commonmark-0.25.0.jar" [parent: ModernUI-NeoForge-1.21.1-3.13.0.1-universal.jar, locator: jarinjar]
[259月2026 16:23:57.084] [main/INFO] [net.neoforged.fml.loading.moddiscovery.ModDiscoverer/SCAN]: Found mod file "TRansition-1.0.25-1.21.1-neoforge-SNAPSHOT.jar" [parent: [实体渲染机制优化] entityculling-neoforge-1.11.2-mc1.21.1.jar, locator: jarinjar, reader: mod manifest]
[259月2026 16:23:57.084] [main/INFO] [net.neoforged.fml.loading.moddiscovery.ModDiscoverer/SCAN]: Found library file "kotlinx-serialization-core-jvm-1.9.0.jar" [parent: kotlinforforge-5.10.0-all.jar, locator: jarinjar]
[259月2026 16:23:57.084] [main/INFO] [net.neoforged.fml.loading.moddiscovery.ModDiscoverer/SCAN]: Found library file "jgltf-model-3af6de4.jar" [parent: reforgedplaymod-1.21.1-0.3.jar, locator: jarinjar]
[259月2026 16:23:57.084] [main/INFO] [net.neoforged.fml.loading.moddiscovery.ModDiscoverer/SCAN]: Found library file "word-24.2.2.jar" [parent: SparkCore-1.21.1-neoforge-1.0.1023.jar, locator: jarinjar]
[259月2026 16:23:57.085] [main/INFO] [net.neoforged.fml.loading.moddiscovery.ModDiscoverer/SCAN]: Found library file "nativeimage-24.2.2.jar" [parent: SparkCore-1.21.1-neoforge-1.0.1023.jar, locator: jarinjar]
[259月2026 16:23:57.085] [main/INFO] [net.neoforged.fml.loading.moddiscovery.ModDiscoverer/SCAN]: Found mod file "journeymap-api-neoforge-2.0.0-1.21.1.jar" [parent: journeymap-neoforge-1.21.1-6.0.9.jar, locator: jarinjar, reader: mod manifest]
[259月2026 16:23:57.085] [main/INFO] [net.neoforged.fml.loading.moddiscovery.ModDiscoverer/SCAN]: Found library file "truffle-compiler-24.2.2.jar" [parent: SparkCore-1.21.1-neoforge-1.0.1023.jar, locator: jarinjar]
[259月2026 16:23:57.085] [main/INFO] [net.neoforged.fml.loading.moddiscovery.ModDiscoverer/SCAN]: Found library file "jniutils-24.2.2.jar" [parent: SparkCore-1.21.1-neoforge-1.0.1023.jar, locator: jarinjar]
[259月2026 16:23:57.086] [main/INFO] [net.neoforged.fml.loading.moddiscovery.ModDiscoverer/SCAN]: Found library file "2.79.0-a0696f8.jar" [parent: reforgedplaymod-1.21.1-0.3.jar, locator: jarinjar]
[259月2026 16:23:57.094] [main/INFO] [net.neoforged.fml.loading.moddiscovery.ModDiscoverer/]: 
     Mod List:
		Name Version (Mod Id)

		Accessible Step 2.2.2+1.21.1 (accessible_step)
		Bookshelf 21.1.81 (bookshelf)
		CameraOverhaulNeoForge 1.1-1.21 (cameraoverhaulneoforge)
		CBR addon 0.5.5 (cbraddon)
		CBR Addon: MachineMax 0.5.6 (cbramachinemax)
		CBR Anti-sea 0.5.5-dev1 (cbrantisea)
		CGC Compat: LegacyItem 26.9.19 (cgcclegacyitem)
		CGC Compat: MachineMax 0.0.12.3 (cgccmachinemax)
		CGC Compat: PackLoader 26.9.1 (cgccpackloader)
		CGC Compat: Shader 26.9.19 (cgccshader)
		CGC Config Addon 26.9.19 (cgcconfig)
		Chat Heads 0.15.7 (chat_heads)
		ChatAnimation 1.3.3 (chatanimation)
		Cloth Config v15 API 15.0.140 (cloth_config)
		Common Networking 1.0.21-1.21.1 (commonnetworking)
		Controlling 19.0.5 (controlling)
		CreativeCore 2.13.48 (creativecore)
		Cupboard mod 4.2 (cupboard)
		Custom BattleRoyale 0.5.6 (battleroyale)
		Custom Gun Continued 26.9.19 (customgun)
		CustomSkinLoader 15.0.1 (customskinloader)
		EmLib 1.0.2 (emlib)
		EntityCulling 1.11.2 (entityculling)
		Forgified Fabric API Base 0.4.42+d1308ded19 (fabric_api_base)
		Forgified Fabric BlockView API (v2) 1.0.10+9afaaf8c19 (fabric_block_view_api_v2)
		Forgified Fabric Renderer API (v1) 3.4.1+9125b6dc19 (fabric_renderer_api_v1)
		Forgified Fabric Rendering Data Attachment (v1) 0.3.48+73761d2e19 (fabric_rendering_data_attachment_v1)
		Gliders 1.1.8 (vc_gliders)
		Gpu memory leak fix 1.8 (gpumemleakfix)
		IMBlocker 5.6.1 (imblocker)
		Inventory Tweaks Refoxed 1.21.1-1.3.2 (invtweaks)
		Iris 1.8.14-beta.1+mc1.21.1 (iris)
		ItemPhysic 1.8.14 (itemphysic)
		Jade 15.10.6+neoforge (jade)
		Journeymap 1.21.1-6.0.9 (journeymap)
		JourneyMap API 2.0.0-1.21.1 (journeymap_api)
		Kiwi Library 15.8.7+neoforge (kiwi)
		Kotlin For Forge 5.10.0 (kotlinforforge)
		Lithium 0.15.4+mc1.21.1 (lithium)
		Longer Chat History 1.7 (longerchathistory)
		Machine Max 1.0.1-beta.1 (machine_max)
		Minecraft 1.21.1 (minecraft)
		Modern UI 3.13.0.1 (modernui)
		ModernFix 5.27.24+mc1.21.1 (modernfix)
		Mouse Tweaks 2.26.1 (mousetweaks)
		NeoForge 21.1.219 (neoforge)
		NoSpread Continued 1.1.0 (nospread)
		Passable Foliage 9.3.2+neoforge (passablefoliage)
		Physics Mod 3.0.34 (physicsmod)
		Pick Up Notifier 21.1.1 (pickupnotifier)
		Player Animator 2.0.1+1.21.1 (playeranimator)
		PlayerRevive 2.1.2 (playerrevive)
		PrickleMC 21.1.11 (prickle)
		Puzzles Lib 21.1.60 (puzzleslib)
		Reese's Sodium Options 2.2.4+mc1.21.1 (reeses_sodium_options)
		ReForgedPlay Mod 0.3 (reforgedplaymod)
		Searchables 1.0.2 (searchables)
		Shoulder Surfing Reloaded 1.21.1-5.1.1 (shouldersurfing)
		Smooth Swapping 0.9.3.2 (smoothswapping)
		Smoothchunk mod 4.1 (smoothchunk)
		Sodium 0.8.13+mc1.21.1 (sodium)
		Sodium Dynamic Lights 1.0.9 (sodiumdynamiclights)
		Sound Physics Remastered 1.21.1-1.5.1 (sound_physics_remastered)
		Spark Core 1.0.1023 (spark_core)
		TaCZ Armor Scaling (CGC) 0.5.4-customgun (armorscaling)
		Terminal Ballistics 1.0-SNAPSHOT (terminal_ballistics)
		TrampleNoMore 21.1.2 (tramplenomore)
		TRansition 1.0.25 (transition)
		TRender 1.0.17 (trender)
		WorldEdit 7.3.8+6939-7d32b45 (worldedit)
[259月2026 16:24:01.029] [main/INFO] [CustomSkinLoader Bootstrap/]: Loaded 4 CustomSkinLoader bootstrap transformer(s) for official mappings
[259月2026 16:24:01.030] [main/INFO] [CustomSkinLoader Bootstrap/]: Loading CustomSkinLoader bootstrap mappings for official
[259月2026 16:24:01.117] [main/INFO] [CustomSkinLoader Bootstrap/]: Loaded 2 CustomSkinLoader bootstrap class mapping(s) for official
[259月2026 16:24:01.118] [main/INFO] [CustomSkinLoader Bootstrap/]: Collected 12 CustomSkinLoader bootstrap target class(es) for official mappings
[259月2026 16:24:01.154] [main/INFO] [CustomSkinLoader Bootstrap/]: Provided 12 CustomSkinLoader ModLauncher transformer(s)
[259月2026 16:24:02.930] [main/INFO] [mixin/]: Compatibility level set to JAVA_21
[259月2026 16:24:03.393] [main/INFO] [cpw.mods.modlauncher.LaunchServiceHandler/MODLAUNCHER]: Launching target 'forgeclient' with arguments [--version, CGC neoforge 1.21.1, --gameDir, C:\Users\*\AppData\Roaming\PCL2\.minecraft\versions\CGC neoforge 1.21.1, --assetsDir, C:\Users\*\AppData\Roaming\PCL2\.minecraft\assets, --uuid, 79d929dc9b7b4eaf8a94515af06f9d27, --username, rtoks_gui, --assetIndex, 17, --accessToken, ❄❄❄❄❄❄❄❄, --clientId, ${clientid}, --xuid, ${auth_xuid}, --userType, msa, --width, 1083, --height, 605]
[259月2026 16:24:03.676] [main/WARN] [mixin/]: Reference map 'kiwi.refmap.json' for kiwi.mixins.json could not be read. If this is a development environment you can ignore this message
[259月2026 16:24:04.235] [main/INFO] [LithiumConfig/]: Option 'mixin.experimental.entity.block_caching.suffocation' requires 'mixin.util.block_tracking=true' but found 'false'. Setting 'mixin.experimental.entity.block_caching.suffocation=false'.
[259月2026 16:24:04.236] [main/INFO] [LithiumConfig/]: Option 'mixin.experimental.entity.block_caching.block_support' requires 'mixin.util.block_tracking=true' but found 'false'. Setting 'mixin.experimental.entity.block_caching.block_support=false'.
[259月2026 16:24:04.236] [main/INFO] [LithiumConfig/]: Option 'mixin.experimental.entity.block_caching.block_touching' requires 'mixin.util.block_tracking=true' but found 'false'. Setting 'mixin.experimental.entity.block_caching.block_touching=false'.
[259月2026 16:24:04.237] [main/INFO] [LithiumConfig/]: Option 'mixin.experimental.entity.block_caching' requires 'mixin.util.block_tracking=true' but found 'false'. Setting 'mixin.experimental.entity.block_caching=false'.
[259月2026 16:24:04.239] [main/INFO] [Lithium/]: Loaded configuration file for Lithium: 148 options available, 0 override(s) found
[259月2026 16:24:04.254] [main/WARN] [mixin/]: Reference map 'gpumemleakfix.refmap.json' for gpumemleakfix.mixins.json could not be read. If this is a development environment you can ignore this message
[259月2026 16:24:04.257] [main/WARN] [mixin/]: Reference map 'passablefoliage.refmap.json' for passablefoliage.mixins.json could not be read. If this is a development environment you can ignore this message
[259月2026 16:24:04.261] [main/WARN] [mixin/]: Reference map 'controlling.refmap.json' for controlling.mixins.json could not be read. If this is a development environment you can ignore this message
[259月2026 16:24:04.263] [main/WARN] [mixin/]: Reference map 'controlling.refmap.json' for controlling.neoforge.mixins.json could not be read. If this is a development environment you can ignore this message
[259月2026 16:24:04.652] [main/INFO] [ModernFix/]: Loaded configuration file for ModernFix 5.27.24+mc1.21.1: 89 options available, 1 override(s) found
[259月2026 16:24:04.654] [main/WARN] [ModernFix/]: Option 'mixin.feature.warn_missing_perf_mods' overriden (by user configuration) to 'false'
[259月2026 16:24:04.655] [main/INFO] [ModernFix/]: Applying Nashorn fix
[259月2026 16:24:04.658] [main/INFO] [ModernFix/]: Configuring Minecraft's max.bg.threads option with 13 threads
[259月2026 16:24:04.670] [main/WARN] [mixin/]: Reference map 'emlib.refmap.json' for emlib.mixins.json could not be read. If this is a development environment you can ignore this message
[259月2026 16:24:04.692] [main/WARN] [mixin/]: Reference map 'customgun.refmap.json' for customgun.mixins.json could not be read. If this is a development environment you can ignore this message
[259月2026 16:24:04.694] [main/WARN] [mixin/]: Reference map 'customgun.refmap.json' for customgunclient.mixins.json could not be read. If this is a development environment you can ignore this message
[259月2026 16:24:04.696] [main/WARN] [mixin/]: Reference map 'customgun.refmap.json' for customgunneoforge.mixins.json could not be read. If this is a development environment you can ignore this message
[259月2026 16:24:04.697] [main/WARN] [mixin/]: Reference map 'customgun.refmap.json' for customgunneoforgeclient.mixins.json could not be read. If this is a development environment you can ignore this message
[259月2026 16:24:04.703] [main/WARN] [mixin/]: Reference map 'iris.refmap.json' for mixins.iris.json could not be read. If this is a development environment you can ignore this message
[259月2026 16:24:04.705] [main/WARN] [mixin/]: Reference map 'iris.refmap.json' for mixins.iris.fantastic.json could not be read. If this is a development environment you can ignore this message
[259月2026 16:24:04.713] [main/WARN] [mixin/]: Reference map 'iris.refmap.json' for mixins.iris.vertexformat.json could not be read. If this is a development environment you can ignore this message
[259月2026 16:24:04.714] [main/WARN] [mixin/]: Reference map 'iris.refmap.json' for iris-batched-entity-rendering.mixins.json could not be read. If this is a development environment you can ignore this message
[259月2026 16:24:04.715] [main/WARN] [mixin/]: Reference map 'iris.refmap.json' for mixins.iris.compat.sodium.json could not be read. If this is a development environment you can ignore this message
[259月2026 16:24:04.720] [main/WARN] [mixin/]: Reference map 'bookshelf.refmap.json' for bookshelf.mixins.json could not be read. If this is a development environment you can ignore this message
[259月2026 16:24:04.724] [main/WARN] [mixin/]: Reference map 'prickle.refmap.json' for prickle.mixins.json could not be read. If this is a development environment you can ignore this message
[259月2026 16:24:04.765] [main/INFO] [Sodium/]: Loaded configuration file for Sodium: 45 options available, 1 override(s) found
[259月2026 16:24:04.769] [main/WARN] [mixin/]: Reference map 'cgccshaderclient.refmap.json' for cgccshaderclient.mixins.json could not be read. If this is a development environment you can ignore this message
[259月2026 16:24:04.781] [main/WARN] [mixin/]: Reference map 'smoothchunk.refmap.json' for smoothchunk.mixins.json could not be read. If this is a development environment you can ignore this message
[259月2026 16:24:04.783] [main/WARN] [mixin/]: Reference map 'physicsmod.refmap.json' for physicsmod.mixins.json could not be read. If this is a development environment you can ignore this message
[259月2026 16:24:04.787] [main/WARN] [mixin/]: Reference map 'shouldersurfing.refmap.json' for shouldersurfing.api-legacy.mixins.json could not be read. If this is a development environment you can ignore this message
[259月2026 16:24:04.788] [main/WARN] [mixin/]: Reference map 'shouldersurfing.refmap.json' for shouldersurfing.common.mixins.json could not be read. If this is a development environment you can ignore this message
[259月2026 16:24:04.789] [main/WARN] [mixin/]: Reference map 'shouldersurfing.refmap.json' for shouldersurfing.common.compat.mixins.json could not be read. If this is a development environment you can ignore this message
[259月2026 16:24:04.790] [main/WARN] [mixin/]: Reference map 'shouldersurfing.refmap.json' for shouldersurfing.neoforge.mixins.json could not be read. If this is a development environment you can ignore this message
[259月2026 16:24:04.799] [main/WARN] [mixin/]: Reference map 'shouldersurfing.refmap.json' for shouldersurfing.neoforge.compat.mixins.json could not be read. If this is a development environment you can ignore this message
[259月2026 16:24:04.802] [main/WARN] [mixin/]: Reference map 'creativecore.mixins.refmap.json' for creativecore.mixins.json could not be read. If this is a development environment you can ignore this message
[259月2026 16:24:04.803] [main/WARN] [mixin/]: Reference map 'creativecore.mixins.refmap.json' for creativecore.forge.mixins.json could not be read. If this is a development environment you can ignore this message
[259月2026 16:24:04.807] [main/WARN] [mixin/]: Reference map 'chatanimation.refmap.json' for chatanimation.mixins.json could not be read. If this is a development environment you can ignore this message
[259月2026 16:24:04.808] [main/WARN] [mixin/]: Reference map 'searchables.refmap.json' for searchables.mixins.json could not be read. If this is a development environment you can ignore this message
[259月2026 16:24:04.809] [main/WARN] [mixin/]: Reference map 'searchables.refmap.json' for searchables.neoforge.mixins.json could not be read. If this is a development environment you can ignore this message
[259月2026 16:24:04.811] [main/WARN] [mixin/]: Reference map 'entityculling.refmap.mixins.json' for entityculling.mixins.json could not be read. If this is a development environment you can ignore this message
[259月2026 16:24:04.813] [main/WARN] [mixin/]: Reference map 'tramplenomore.refmap.json' for tramplenomore.mixins.json could not be read. If this is a development environment you can ignore this message
[259月2026 16:24:04.815] [main/WARN] [mixin/]: Reference map 'worldedit-neoforge.mixins.refmap.json' for worldedit-neoforge.mixins.json could not be read. If this is a development environment you can ignore this message
[259月2026 16:24:04.818] [main/WARN] [mixin/]: Reference map 'cgccmachinemax.refmap.json' for cgccmachinemax.mixins.json could not be read. If this is a development environment you can ignore this message
[259月2026 16:24:04.820] [main/WARN] [mixin/]: Reference map 'cgccmachinemax.refmap.json' for cgccmachinemaxclient.mixins.json could not be read. If this is a development environment you can ignore this message
[259月2026 16:24:04.821] [main/WARN] [mixin/]: Reference map 'cbramachinemax.refmap.json' for cbramachinemax.mixins.json could not be read. If this is a development environment you can ignore this message
[259月2026 16:24:04.822] [main/WARN] [mixin/]: Reference map 'CameraOverhaulNeoForge.refmap.json' for cameraoverhaulneoforge.mixins.json could not be read. If this is a development environment you can ignore this message
[259月2026 16:24:04.839] [main/INFO] [ModernUI-MC/Init]: Iris API installed...
[259月2026 16:24:05.017] [main/WARN] [mixin/]: Reference map 'itemphysic.mixin.refmap.json' for itemphysic.mixins.json could not be read. If this is a development environment you can ignore this message
[259月2026 16:24:05.032] [main/WARN] [mixin/]: Reference map 'playerrevive.mixin.refmap.json' for playerrevive.mixins.json could not be read. If this is a development environment you can ignore this message
[259月2026 16:24:05.075] [main/WARN] [mixin/]: Reference map 'sound_physics_remastered.refmap.json' for sound_physics_remastered.mixins.json could not be read. If this is a development environment you can ignore this message
[259月2026 16:24:06.000] [main/INFO] [CustomSkinLoader Bootstrap/]: Transformed net/minecraft/client/renderer/entity/player/PlayerRenderer with [customskinloader:render-patch]
[259月2026 16:24:06.004] [main/INFO] [CustomSkinLoader Bootstrap/]: Transformed ModLauncher target net/minecraft/client/renderer/entity/player/PlayerRenderer with [customskinloader:render-patch]
[259月2026 16:24:06.106] [main/WARN] [mixin/]: Error loading class: mod/azure/azurelib/common/api/client/renderer/GeoArmorRenderer (java.lang.ClassNotFoundException: mod.azure.azurelib.common.api.client.renderer.GeoArmorRenderer)
[259月2026 16:24:06.108] [main/WARN] [mixin/]: @Mixin target mod.azure.azurelib.common.api.client.renderer.GeoArmorRenderer was not found spark_core.mixins.json:compat.azurelib.GeoArmorRendererMixin from mod spark_core
[259月2026 16:24:06.112] [main/WARN] [mixin/]: Error loading class: software/bernie/geckolib/renderer/GeoArmorRenderer (java.lang.ClassNotFoundException: software.bernie.geckolib.renderer.GeoArmorRenderer)
[259月2026 16:24:06.112] [main/WARN] [mixin/]: @Mixin target software.bernie.geckolib.renderer.GeoArmorRenderer was not found spark_core.mixins.json:compat.geckolib.GeoArmorRendererMixin from mod spark_core
[259月2026 16:24:06.196] [main/INFO] [CustomSkinLoader Bootstrap/]: Transformed net/minecraft/client/renderer/entity/layers/CapeLayer with [customskinloader:render-patch]
[259月2026 16:24:06.196] [main/INFO] [CustomSkinLoader Bootstrap/]: Transformed ModLauncher target net/minecraft/client/renderer/entity/layers/CapeLayer with [customskinloader:render-patch]
[259月2026 16:24:07.246] [main/INFO] [CustomSkinLoader Bootstrap/]: Transformed net/minecraft/client/renderer/texture/HttpTexture with [customskinloader:skin-texture-patch]
[259月2026 16:24:07.247] [main/INFO] [CustomSkinLoader Bootstrap/]: Transformed ModLauncher target net/minecraft/client/renderer/texture/HttpTexture with [customskinloader:skin-texture-patch]
[259月2026 16:24:07.735] [main/INFO] [CustomSkinLoader Bootstrap/]: Transformed net/minecraft/client/resources/SkinManager$TextureCache with [customskinloader:skin-manager-patch]
[259月2026 16:24:07.735] [main/INFO] [CustomSkinLoader Bootstrap/]: Transformed ModLauncher target net/minecraft/client/resources/SkinManager$TextureCache with [customskinloader:skin-manager-patch]
[259月2026 16:24:07.790] [main/WARN] [mixin/]: Error loading class: net/optifine/render/ChunkVisibility (java.lang.ClassNotFoundException: net.optifine.render.ChunkVisibility)
[259月2026 16:24:07.811] [main/WARN] [mixin/]: Error loading class: shadersmod/client/ShadersRender (java.lang.ClassNotFoundException: shadersmod.client.ShadersRender)
[259月2026 16:24:07.816] [main/WARN] [mixin/]: Error loading class: net/optifine/shaders/ShadersRender (java.lang.ClassNotFoundException: net.optifine.shaders.ShadersRender)
[259月2026 16:24:08.274] [main/INFO] [CustomSkinLoader Bootstrap/]: Transformed net/minecraft/resources/ResourceLocation with [customskinloader:interface-patch]
[259月2026 16:24:08.275] [main/INFO] [CustomSkinLoader Bootstrap/]: Transformed ModLauncher target net/minecraft/resources/ResourceLocation with [customskinloader:interface-patch]
[259月2026 16:24:08.415] [main/WARN] [mixin/]: Error loading class: com/portingdeadmods/cable_facades/events/GameClientEvents$2 (java.lang.ClassNotFoundException: com.portingdeadmods.cable_facades.events.GameClientEvents$2)
[259月2026 16:24:08.418] [main/WARN] [mixin/]: Error loading class: com/direwolf20/justdirethings/client/renderers/OurRenderTypes (java.lang.ClassNotFoundException: com.direwolf20.justdirethings.client.renderers.OurRenderTypes)
[259月2026 16:24:08.423] [main/WARN] [mixin/]: Error loading class: mekanism/client/render/entity/RenderFlame (java.lang.ClassNotFoundException: mekanism.client.render.entity.RenderFlame)
[259月2026 16:24:08.427] [main/WARN] [mixin/]: Error loading class: mekanism/client/render/armor/MekaSuitArmor (java.lang.ClassNotFoundException: mekanism.client.render.armor.MekaSuitArmor)
[259月2026 16:24:08.432] [main/WARN] [mixin/]: Error loading class: mekanism/client/render/lib/effect/BillboardingEffectRenderer (java.lang.ClassNotFoundException: mekanism.client.render.lib.effect.BillboardingEffectRenderer)
[259月2026 16:24:08.443] [main/WARN] [mixin/]: Error loading class: blusunrize/immersiveengineering/client/utils/IEGLShaders (java.lang.ClassNotFoundException: blusunrize.immersiveengineering.client.utils.IEGLShaders)
[259月2026 16:24:08.628] [main/WARN] [Sodium/]: Force-disabling mixin 'features.render.world.sky.ClientLevelMixin' as rule 'mixin.features.render.world.sky' (added by mods [iris]) disables it and children
[259月2026 16:24:08.631] [main/WARN] [Sodium/]: Force-disabling mixin 'features.render.world.sky.FogRendererMixin' as rule 'mixin.features.render.world.sky' (added by mods [iris]) disables it and children
[259月2026 16:24:08.632] [main/WARN] [Sodium/]: Force-disabling mixin 'features.render.world.sky.LevelRendererMixin' as rule 'mixin.features.render.world.sky' (added by mods [iris]) disables it and children
[259月2026 16:24:08.719] [main/INFO] [CustomSkinLoader Bootstrap/]: Transformed com/mojang/blaze3d/platform/NativeImage with [customskinloader:interface-patch]
[259月2026 16:24:08.720] [main/INFO] [CustomSkinLoader Bootstrap/]: Transformed ModLauncher target com/mojang/blaze3d/platform/NativeImage with [customskinloader:interface-patch]
[259月2026 16:24:08.888] [main/WARN] [mixin/]: Error loading class: me/jellysquid/mods/sodium/client/model/light/data/ArrayLightDataCache (java.lang.ClassNotFoundException: me.jellysquid.mods.sodium.client.model.light.data.ArrayLightDataCache)
[259月2026 16:24:08.893] [main/WARN] [mixin/]: Error loading class: me/jellysquid/mods/sodium/client/model/light/flat/FlatLightPipeline (java.lang.ClassNotFoundException: me.jellysquid.mods.sodium.client.model.light.flat.FlatLightPipeline)
[259月2026 16:24:08.897] [main/WARN] [mixin/]: Error loading class: me/jellysquid/mods/sodium/client/model/light/data/LightDataAccess (java.lang.ClassNotFoundException: me.jellysquid.mods.sodium.client.model.light.data.LightDataAccess)
[259月2026 16:24:08.902] [main/WARN] [mixin/]: Error loading class: net/fabricmc/fabric/impl/client/indigo/renderer/aocalc/AoCalculator (java.lang.ClassNotFoundException: net.fabricmc.fabric.impl.client.indigo.renderer.aocalc.AoCalculator)
[259月2026 16:24:08.905] [main/WARN] [mixin/]: Error loading class: net/caffeinemc/mods/sodium/client/gui/SodiumOptionsGUI (java.lang.ClassNotFoundException: net.caffeinemc.mods.sodium.client.gui.SodiumOptionsGUI)
[259月2026 16:24:08.905] [main/WARN] [mixin/]: @Mixin target net.caffeinemc.mods.sodium.client.gui.SodiumOptionsGUI was not found mixins.sodiumdynamiclights.json:sodium.SodiumOptionsGuiMixin from mod sodiumdynamiclights
[259月2026 16:24:08.992] [main/ERROR] [mixin/]: The specified mixin 'net.diebuddies.mixins.create.MixinAbstractContraptionEntity' was not found
org.spongepowered.asm.mixin.transformer.throwables.InvalidMixinException: The specified mixin 'net.diebuddies.mixins.create.MixinAbstractContraptionEntity' was not found
	at MC-BOOTSTRAP/org.spongepowered.mixin/org.spongepowered.asm.mixin.transformer.MixinInfo.<init>(MixinInfo.java:864) ~[sponge-mixin-0.15.2+mixin.0.8.7.jar:0.15.2+mixin.0.8.7]
	at MC-BOOTSTRAP/org.spongepowered.mixin/org.spongepowered.asm.mixin.transformer.MixinConfig.prepareMixins(MixinConfig.java:933) ~[sponge-mixin-0.15.2+mixin.0.8.7.jar:0.15.2+mixin.0.8.7]
	at MC-BOOTSTRAP/org.spongepowered.mixin/org.spongepowered.asm.mixin.transformer.MixinConfig.prepare(MixinConfig.java:862) ~[sponge-mixin-0.15.2+mixin.0.8.7.jar:0.15.2+mixin.0.8.7]
	at MC-BOOTSTRAP/org.spongepowered.mixin/org.spongepowered.asm.mixin.transformer.MixinProcessor.prepareConfigs(MixinProcessor.java:540) ~[sponge-mixin-0.15.2+mixin.0.8.7.jar:0.15.2+mixin.0.8.7]
	at MC-BOOTSTRAP/org.spongepowered.mixin/org.spongepowered.asm.mixin.transformer.MixinProcessor.select(MixinProcessor.java:462) ~[sponge-mixin-0.15.2+mixin.0.8.7.jar:0.15.2+mixin.0.8.7]
	at MC-BOOTSTRAP/org.spongepowered.mixin/org.spongepowered.asm.mixin.transformer.MixinProcessor.checkSelect(MixinProcessor.java:438) ~[sponge-mixin-0.15.2+mixin.0.8.7.jar:0.15.2+mixin.0.8.7]
	at MC-BOOTSTRAP/org.spongepowered.mixin/org.spongepowered.asm.mixin.transformer.MixinProcessor.applyMixins(MixinProcessor.java:290) ~[sponge-mixin-0.15.2+mixin.0.8.7.jar:0.15.2+mixin.0.8.7]
	at MC-BOOTSTRAP/org.spongepowered.mixin/org.spongepowered.asm.mixin.transformer.MixinTransformer.transformClass(MixinTransformer.java:250) ~[sponge-mixin-0.15.2+mixin.0.8.7.jar:0.15.2+mixin.0.8.7]
	at MC-BOOTSTRAP/org.spongepowered.mixin/org.spongepowered.asm.service.modlauncher.MixinTransformationHandler.processClass(MixinTransformationHandler.java:131) ~[sponge-mixin-0.15.2+mixin.0.8.7.jar:0.15.2+mixin.0.8.7]
	at MC-BOOTSTRAP/org.spongepowered.mixin/org.spongepowered.asm.launch.MixinLaunchPluginLegacy.processClass(MixinLaunchPluginLegacy.java:131) ~[sponge-mixin-0.15.2+mixin.0.8.7.jar:0.15.2+mixin.0.8.7]
	at MC-BOOTSTRAP/cpw.mods.modlauncher@11.0.5/cpw.mods.modlauncher.serviceapi.ILaunchPluginService.processClassWithFlags(ILaunchPluginService.java:156) ~[modlauncher-11.0.5.jar:11.0.5+main.901c6ea8]
	at MC-BOOTSTRAP/cpw.mods.modlauncher@11.0.5/cpw.mods.modlauncher.LaunchPluginHandler.offerClassNodeToPlugins(LaunchPluginHandler.java:94) ~[modlauncher-11.0.5.jar:?]
	at MC-BOOTSTRAP/cpw.mods.modlauncher@11.0.5/cpw.mods.modlauncher.ClassTransformer.transform(ClassTransformer.java:120) ~[modlauncher-11.0.5.jar:?]
	at MC-BOOTSTRAP/cpw.mods.modlauncher@11.0.5/cpw.mods.modlauncher.TransformingClassLoader.maybeTransformClassBytes(TransformingClassLoader.java:57) ~[modlauncher-11.0.5.jar:?]
	at cpw.mods.securejarhandler/cpw.mods.cl.ModuleClassLoader.readerToClass(ModuleClassLoader.java:190) ~[securejarhandler-3.0.8.jar:?]
	at cpw.mods.securejarhandler/cpw.mods.cl.ModuleClassLoader.lambda$findClass$20(ModuleClassLoader.java:298) ~[securejarhandler-3.0.8.jar:?]
	at cpw.mods.securejarhandler/cpw.mods.cl.ModuleClassLoader.loadFromModule(ModuleClassLoader.java:311) [securejarhandler-3.0.8.jar:?]
	at cpw.mods.securejarhandler/cpw.mods.cl.ModuleClassLoader.findClass(ModuleClassLoader.java:298) [securejarhandler-3.0.8.jar:?]
	at java.base/java.lang.ClassLoader.loadClass(ClassLoader.java:638) [?:?]
	at java.base/java.lang.Class.forName(Class.java:627) [?:?]
	at java.base/java.lang.Class.forName(Class.java:602) [?:?]
	at MC-BOOTSTRAP/fml_earlydisplay@4.0.42/net.neoforged.fml.earlydisplay.DisplayWindow.updateModuleReads(DisplayWindow.java:605) [earlydisplay-4.0.42.jar%23160!/:4.0]
	at MC-BOOTSTRAP/fml_loader@4.0.42/net.neoforged.fml.loading.ImmediateWindowHandler.acceptGameLayer(ImmediateWindowHandler.java:94) [loader-4.0.42.jar%23161!/:4.0]
	at MC-BOOTSTRAP/fml_loader@4.0.42/net.neoforged.fml.loading.FMLLoader.beforeStart(FMLLoader.java:166) [loader-4.0.42.jar%23161!/:4.0]
	at MC-BOOTSTRAP/fml_loader@4.0.42/net.neoforged.fml.loading.targets.CommonLaunchHandler.launchService(CommonLaunchHandler.java:115) [loader-4.0.42.jar%23161!/:4.0]
	at MC-BOOTSTRAP/cpw.mods.modlauncher@11.0.5/cpw.mods.modlauncher.LaunchServiceHandlerDecorator.launch(LaunchServiceHandlerDecorator.java:30) [modlauncher-11.0.5.jar%23166!/:?]
	at MC-BOOTSTRAP/cpw.mods.modlauncher@11.0.5/cpw.mods.modlauncher.LaunchServiceHandler.launch(LaunchServiceHandler.java:53) [modlauncher-11.0.5.jar%23166!/:?]
	at MC-BOOTSTRAP/cpw.mods.modlauncher@11.0.5/cpw.mods.modlauncher.LaunchServiceHandler.launch(LaunchServiceHandler.java:71) [modlauncher-11.0.5.jar%23166!/:?]
	at MC-BOOTSTRAP/cpw.mods.modlauncher@11.0.5/cpw.mods.modlauncher.Launcher.run(Launcher.java:103) [modlauncher-11.0.5.jar%23166!/:?]
	at MC-BOOTSTRAP/cpw.mods.modlauncher@11.0.5/cpw.mods.modlauncher.Launcher.main(Launcher.java:74) [modlauncher-11.0.5.jar%23166!/:?]
	at MC-BOOTSTRAP/cpw.mods.modlauncher@11.0.5/cpw.mods.modlauncher.BootstrapLaunchConsumer.accept(BootstrapLaunchConsumer.java:26) [modlauncher-11.0.5.jar%23166!/:?]
	at MC-BOOTSTRAP/cpw.mods.modlauncher@11.0.5/cpw.mods.modlauncher.BootstrapLaunchConsumer.accept(BootstrapLaunchConsumer.java:23) [modlauncher-11.0.5.jar%23166!/:?]
	at cpw.mods.bootstraplauncher@2.0.2/cpw.mods.bootstraplauncher.BootstrapLauncher.run(BootstrapLauncher.java:210) [bootstraplauncher-2.0.2.jar:?]
	at cpw.mods.bootstraplauncher@2.0.2/cpw.mods.bootstraplauncher.BootstrapLauncher.main(BootstrapLauncher.java:69) [bootstraplauncher-2.0.2.jar:?]
Caused by: java.lang.ClassNotFoundException: The specified mixin 'net.diebuddies.mixins.create.MixinAbstractContraptionEntity' was not found
	at MC-BOOTSTRAP/org.spongepowered.mixin/org.spongepowered.asm.mixin.transformer.MixinInfo.loadMixinClass(MixinInfo.java:1314) ~[sponge-mixin-0.15.2+mixin.0.8.7.jar:0.15.2+mixin.0.8.7]
	at MC-BOOTSTRAP/org.spongepowered.mixin/org.spongepowered.asm.mixin.transformer.MixinInfo.<init>(MixinInfo.java:857) ~[sponge-mixin-0.15.2+mixin.0.8.7.jar:0.15.2+mixin.0.8.7]
	... 33 more
[259月2026 16:24:09.046] [main/WARN] [mixin/]: Error loading class: net/optifine/shaders/Shaders (java.lang.ClassNotFoundException: net.optifine.shaders.Shaders)
[259月2026 16:24:09.048] [main/WARN] [mixin/]: Error loading class: net/optifine/shaders/ShadersCompatibility (java.lang.ClassNotFoundException: net.optifine.shaders.ShadersCompatibility)
[259月2026 16:24:09.050] [main/WARN] [mixin/]: Error loading class: net/optifine/shaders/Programs (java.lang.ClassNotFoundException: net.optifine.shaders.Programs)
[259月2026 16:24:09.052] [main/WARN] [mixin/]: Error loading class: org/valkyrienskies/core/impl/game/ships/ShipObjectClient (java.lang.ClassNotFoundException: org.valkyrienskies.core.impl.game.ships.ShipObjectClient)
[259月2026 16:24:09.091] [main/WARN] [mixin/]: Error loading class: net/optifine/util/BlockUtils (java.lang.ClassNotFoundException: net.optifine.util.BlockUtils)
[259月2026 16:24:09.096] [main/WARN] [mixin/]: Error loading class: ca/spottedleaf/starlight/common/light/StarLightEngine (java.lang.ClassNotFoundException: ca.spottedleaf.starlight.common.light.StarLightEngine)
[259月2026 16:24:09.098] [main/WARN] [mixin/]: Error loading class: link/infra/indium/renderer/render/TerrainRenderContext (java.lang.ClassNotFoundException: link.infra.indium.renderer.render.TerrainRenderContext)
[259月2026 16:24:09.145] [main/WARN] [mixin/]: Error loading class: dev/ryanhcode/sable/sublevel/ClientSubLevel (java.lang.ClassNotFoundException: dev.ryanhcode.sable.sublevel.ClientSubLevel)
[259月2026 16:24:09.155] [main/WARN] [mixin/]: Error loading class: traben/entity_model_features/models/parts/EMFModelPart (java.lang.ClassNotFoundException: traben.entity_model_features.models.parts.EMFModelPart)
[259月2026 16:24:09.157] [main/WARN] [mixin/]: Error loading class: traben/entity_model_features/models/parts/EMFModelPartVanilla (java.lang.ClassNotFoundException: traben.entity_model_features.models.parts.EMFModelPartVanilla)
[259月2026 16:24:09.159] [main/WARN] [mixin/]: Error loading class: me/cortex/voxy/client/core/model/bakery/SoftwareModelTextureBakery (java.lang.ClassNotFoundException: me.cortex.voxy.client.core.model.bakery.SoftwareModelTextureBakery)
[259月2026 16:24:09.161] [main/WARN] [mixin/]: Error loading class: ca/fxco/moreculling/config/ConfigUpdater (java.lang.ClassNotFoundException: ca.fxco.moreculling.config.ConfigUpdater)
[259月2026 16:24:09.164] [main/WARN] [mixin/]: Error loading class: org/vivecraft/client_vr/gameplay/VRPlayer (java.lang.ClassNotFoundException: org.vivecraft.client_vr.gameplay.VRPlayer)
[259月2026 16:24:09.166] [main/WARN] [mixin/]: Error loading class: betterblockentities/client/gui/config/wrapper/GenericConfigWrapper (java.lang.ClassNotFoundException: betterblockentities.client.gui.config.wrapper.GenericConfigWrapper)
[259月2026 16:24:09.876] [main/WARN] [mixin/]: Error loading class: org/jetbrains/annotations/ApiStatus$Internal (java.lang.ClassNotFoundException: org.jetbrains.annotations.ApiStatus$Internal)
[259月2026 16:24:09.883] [main/WARN] [mixin/]: Error loading class: org/jetbrains/annotations/ApiStatus$Internal (java.lang.ClassNotFoundException: org.jetbrains.annotations.ApiStatus$Internal)
[259月2026 16:24:10.051] [main/WARN] [mixin/]: Error loading class: me/jellysquid/mods/sodium/client/model/light/data/ArrayLightDataCache (java.lang.ClassNotFoundException: me.jellysquid.mods.sodium.client.model.light.data.ArrayLightDataCache)
[259月2026 16:24:10.055] [main/WARN] [mixin/]: Error loading class: me/jellysquid/mods/sodium/client/model/light/data/ArrayLightDataCache (java.lang.ClassNotFoundException: me.jellysquid.mods.sodium.client.model.light.data.ArrayLightDataCache)
[259月2026 16:24:10.058] [main/WARN] [mixin/]: Error loading class: me/jellysquid/mods/sodium/client/model/light/flat/FlatLightPipeline (java.lang.ClassNotFoundException: me.jellysquid.mods.sodium.client.model.light.flat.FlatLightPipeline)
[259月2026 16:24:10.061] [main/WARN] [mixin/]: Error loading class: me/jellysquid/mods/sodium/client/model/light/flat/FlatLightPipeline (java.lang.ClassNotFoundException: me.jellysquid.mods.sodium.client.model.light.flat.FlatLightPipeline)
[259月2026 16:24:10.064] [main/WARN] [mixin/]: Error loading class: me/jellysquid/mods/sodium/client/model/light/data/LightDataAccess (java.lang.ClassNotFoundException: me.jellysquid.mods.sodium.client.model.light.data.LightDataAccess)
[259月2026 16:24:10.069] [main/WARN] [mixin/]: Error loading class: me/jellysquid/mods/sodium/client/model/light/data/LightDataAccess (java.lang.ClassNotFoundException: me.jellysquid.mods.sodium.client.model.light.data.LightDataAccess)
[259月2026 16:24:10.207] [main/WARN] [mixin/]: Error loading class: net/minecraft/client/gui/components/AbstractScrollArea (java.lang.ClassNotFoundException: net.minecraft.client.gui.components.AbstractScrollArea)
[259月2026 16:24:10.207] [main/WARN] [mixin/]: @Mixin target net.minecraft.client.gui.components.AbstractScrollArea was not found imblocker-neoforge.mixins.json:AbstractScrollWidgetMixin from mod imblocker
[259月2026 16:24:10.260] [main/WARN] [mixin/]: Error loading class: net/minecraft/client/gui/components/AbstractScrollArea (java.lang.ClassNotFoundException: net.minecraft.client.gui.components.AbstractScrollArea)
[259月2026 16:24:10.262] [main/WARN] [mixin/]: Error loading class: net/minecraft/client/gui/components/AbstractScrollArea (java.lang.ClassNotFoundException: net.minecraft.client.gui.components.AbstractScrollArea)
[259月2026 16:24:10.320] [main/INFO] [MixinExtras|Service/]: Initializing MixinExtras via com.llamalad7.mixinextras.service.MixinExtrasServiceImpl(version=0.5.4).
[259月2026 16:24:12.776] [main/INFO] [CustomSkinLoader Bootstrap/]: Transformed net/minecraft/resources/ResourceLocation with [customskinloader:interface-patch]
[259月2026 16:24:12.777] [main/INFO] [CustomSkinLoader Bootstrap/]: Transformed ModLauncher target net/minecraft/resources/ResourceLocation with [customskinloader:interface-patch]
[259月2026 16:24:16.564] [Datafixer Bootstrap/INFO] [com.mojang.datafixers.DataFixerBuilder/]: 229 Datafixer optimizations took 1060 milliseconds
[259月2026 16:24:17.278] [pool-19-thread-1/INFO] [net.minecraft.server.Bootstrap/]: ModernFix reached bootstrap stage (41.59 s after launch)
[259月2026 16:24:24.775] [pool-19-thread-1/WARN] [mixin/]: Method overwrite conflict for getTemperature in modernfix-modernfix.mixins.json:perf.remove_biome_temperature_cache.BiomeMixin from mod modernfix, previously written by net.caffeinemc.mods.lithium.mixin.world.temperature_cache.BiomeMixin. Skipping method.
[259月2026 16:24:31.449] [pool-19-thread-1/INFO] [CustomSkinLoader Bootstrap/]: Transformed net/minecraft/server/packs/resources/ResourceManager with [customskinloader:interface-patch]
[259月2026 16:24:31.450] [pool-19-thread-1/INFO] [CustomSkinLoader Bootstrap/]: Transformed ModLauncher target net/minecraft/server/packs/resources/ResourceManager with [customskinloader:interface-patch]
[259月2026 16:24:32.559] [pool-19-thread-1/INFO] [CustomSkinLoader Bootstrap/]: Transformed net/minecraft/server/packs/resources/ResourceManager with [customskinloader:interface-patch]
[259月2026 16:24:32.559] [pool-19-thread-1/INFO] [CustomSkinLoader Bootstrap/]: Transformed ModLauncher target net/minecraft/server/packs/resources/ResourceManager with [customskinloader:interface-patch]
[259月2026 16:24:32.642] [pool-19-thread-1/INFO] [net.minecraft.server.Bootstrap/]: Vanilla bootstrap took 15302 milliseconds
[259月2026 16:24:33.063] [main/INFO] [CustomSkinLoader Bootstrap/]: Transformed com/mojang/blaze3d/platform/NativeImage with [customskinloader:interface-patch]
[259月2026 16:24:33.063] [main/INFO] [CustomSkinLoader Bootstrap/]: Transformed ModLauncher target com/mojang/blaze3d/platform/NativeImage with [customskinloader:interface-patch]
[259月2026 16:24:33.481] [main/WARN] [mixin/]: Static binding violation: PRIVATE @Overwrite method setSectionDirty in sodium-common.mixins.json:core.render.world.LevelRendererMixin from mod sodium cannot reduce visibiliy of PUBLIC target method, visibility will be upgraded.
[259月2026 16:24:34.415] [Render thread/WARN] [net.minecraft.server.packs.VanillaPackResourcesBuilder/]: Assets URL 'union:/C:/Users/*/AppData/Roaming/PCL2/.minecraft/libraries/net/minecraft/client/1.21.1-20240808.144430/client-1.21.1-20240808.144430-srg.jar%23247!/assets/.mcassetsroot' uses unexpected schema
[259月2026 16:24:34.416] [Render thread/WARN] [net.minecraft.server.packs.VanillaPackResourcesBuilder/]: Assets URL 'union:/C:/Users/*/AppData/Roaming/PCL2/.minecraft/libraries/net/minecraft/client/1.21.1-20240808.144430/client-1.21.1-20240808.144430-srg.jar%23247!/data/.mcassetsroot' uses unexpected schema
[259月2026 16:24:34.571] [Render thread/INFO] [com.mojang.authlib.yggdrasil.YggdrasilAuthenticationService/]: Environment: Environment[sessionHost=http://127.0.0.1:2718/https/sessionserver.mojang.com, servicesHost=http://127.0.0.1:2718/https/api.minecraftservices.com, name=PROD]
[259月2026 16:24:34.605] [Render thread/INFO] [net.minecraft.client.Minecraft/]: Setting user: rtoks_gui
[259月2026 16:24:35.164] [Render thread/INFO] [net.minecraft.client.Minecraft/]: Backend library: LWJGL version 3.3.3+5
[259月2026 16:24:35.277] [Render thread/INFO] [ModernUI-MC/Init]: Created MuiForgeAPI
[259月2026 16:24:35.280] [Render thread/INFO] [ModernUI-MC/Init]: Detected OpenGL 4.6 Core Profile from FML Early Window
[259月2026 16:24:35.298] [Render thread/INFO] [com.mojang.blaze3d.platform.Window/]: OpenGL Vendor: ATI Technologies Inc.
[259月2026 16:24:35.299] [Render thread/INFO] [com.mojang.blaze3d.platform.Window/]: OpenGL Renderer: Radeon Pro 580X
[259月2026 16:24:35.299] [Render thread/INFO] [com.mojang.blaze3d.platform.Window/]: OpenGL Version: 4.6.14761 Core Profile Forward-Compatible Context FireGL 21.30.45.22 30.0.13045.22003
[259月2026 16:24:35.665] [Render thread/INFO] [CustomSkinLoader Bootstrap/]: Transformed com/mojang/blaze3d/platform/NativeImage with [customskinloader:interface-patch]
[259月2026 16:24:35.666] [Render thread/INFO] [CustomSkinLoader Bootstrap/]: Transformed ModLauncher target com/mojang/blaze3d/platform/NativeImage with [customskinloader:interface-patch]
[259月2026 16:24:36.264] [Render thread/INFO] [ModernUI/Core]: OpenGL vendor: ATI Technologies Inc.
[259月2026 16:24:36.265] [Render thread/INFO] [ModernUI/Core]: OpenGL renderer: Radeon Pro 580X
[259月2026 16:24:36.265] [Render thread/INFO] [ModernUI/Core]: OpenGL version: 4.6.14761 Core Profile Forward-Compatible Context FireGL 21.30.45.22 30.0.13045.22003
[259月2026 16:24:36.271] [Render thread/INFO] [ModernUI/Core]: OpenGL caps: 
AnisotropySupport: true
GpuTracingSupport: false
ConservativeRasterSupport: false
TextureBarrierSupport: true
DepthClipNegativeOneToOne: true
BlendEquationSupport: BASIC
ClampToBorderSupport: true
MaxRenderTargetSize: 16384
MaxPreferredRenderTargetSize: 16384
MaxVertexAttributes: 16
MaxVertexBindings: 8
MaxTextureSize: 16384
MaxPushConstantsSize: 0
MaxColorAttachments: 8
MinUniformBufferOffsetAlignment: 16
MinStorageBufferOffsetAlignment: 16
ShaderCaps:
	TargetAPI: OPENGL_4_5
	GLSLVersion: GLSL_450
	SPIRVVersion: null
	FMASupport: true
	DualSourceBlendingSupport: true
	PreferFlatInterpolation: true
	VertexIDSupport: true
	InfinitySupport: true
	NonConstantArrayIndexSupport: true
	BitManipulationSupport: true
	NoPerspectiveInterpolationSupport: true
	ReducedShaderMode: false
	TextureQueryLod: true
	UniformBindingSupport: true
	VaryingLocationSupport: true
	UseBlockMemberOffset: true
	UsePrecisionModifiers: false
	RequiresLocalOutputColorForFBFetch: false
	MustObfuscateUniformColor: false
	MustWriteToFragColor: false
	ColorSpaceMathNeedsFloat: false
	AvoidDfDxForGradientsWhenPossible: false
	SecondaryOutputExtension: null
	AdvBlendEqInteraction: 0
	MaxFragmentSamplers: 32
Vendor: ATI
Driver: OTHER
MaxFragmentUniformVectors: 4096
MaxTextureMaxAnisotropy: 16.0
SupportsProtected: false
SkipErrorChecks: false
MaxLabelLength: 256
DebugSupport: true
BufferStorageSupport: true
DrawElementsBaseVertexSupport: true
BaseInstanceSupport: true
DSASupport: true
InvalidateBufferType: 2
InvalidateFramebufferSupport: true
ShaderBinarySupport: true
UseStagingBuffers: false
MustHaveFragmentShader: false
VertexAttribBindingSupport: true
CopyImageSupport: true
SPIRVSupport: false
ViewCompatibilityClassSupport: true
TexStorageSupport: true
ProgramBinarySupport: true
ProgramBinaryFormats: [36894]
GLSLVersion: 460
ColorTypeToFormat:
	UNKNOWN=>Unsupported
	R_8=>R8
	RG_88=>RG8
	RGBA_8888=>RGBA8
	R_16=>R16
	RG_1616=>RG16
	RGBA_16161616=>RBGA16
	R_F16=>R16F
	RG_F16=>RG16F
	RGBA_F16=>RGBA16F
	R_F32=>Unsupported
	RG_F32=>Unsupported
	RGBA_F32=>Unsupported
	ALPHA_8=>R8
	ALPHA_16=>R16
	ALPHA_F16=>R16F
	GRAY_8=>R8
	GRAY_16=>R16
	GRAY_ALPHA_88=>RG8
	GRAY_ALPHA_1616=>RG16
	BGRA_8888=>BGRA8
	BGR_565=>B5_G6_R5
	BGRA_5551=>BGR5_A1
	RGBA_1010102=>RGB10_A2
	BGRA_1010102=>BGR10_A2
	RGBE_9995=>Unsupported
	RGB_888=>RGB8
	RGB_161616=>RGB16
	RGBX_8888=>RGBA8
CompressionTypeToBackendFormat: [null, {mBackend=OpenGL, mFormat=ETC2}, {mBackend=OpenGL, mFormat=RGB8_BC1}, {mBackend=OpenGL, mFormat=RGBA8_BC1}]

[259月2026 16:24:36.309] [Render thread/INFO] [Iris/]: Debug functionality is disabled.
[259月2026 16:24:36.329] [Render thread/INFO] [Iris/]: OpenGL 4.5 detected, enabling DSA.
[259月2026 16:24:36.407] [Render thread/INFO] [Iris/]: Shaders are disabled because no valid shaderpack is selected
[259月2026 16:24:36.850] [modloading-worker-0/INFO] [STDOUT/]: [dev.tr7zw.trender.gui.impl.client.LibGuiClient:onInitializeClient:37]: [TRender] Initializing Client...
[259月2026 16:24:37.147] [modloading-worker-0/INFO] [net.neoforged.neoforge.common.NeoForgeMod/NEOFORGE-MOD]: NeoForge mod loading, version 21.1.219, for MC 1.21.1
[259月2026 16:24:37.198] [modloading-worker-0/INFO] [Puzzles Lib/]: Constructing components for pickupnotifier:common
[259月2026 16:24:37.211] [modloading-worker-0/INFO] [STDOUT/]: [yalter.mousetweaks.Logger:Log:6]: [Mouse Tweaks] Main.initialize()
[259月2026 16:24:37.485] [modloading-worker-0/INFO] [STDOUT/]: [yalter.mousetweaks.Logger:Log:6]: [Mouse Tweaks] Initialized.
[259月2026 16:24:37.770] [modloading-worker-0/INFO] [com.cupboard.Cupboard/]: Loaded config for: cupboard.json
[259月2026 16:24:37.836] [modloading-worker-0/INFO] [Puzzles Lib/]: Constructing components for puzzleslib:common
[259月2026 16:24:37.927] [modloading-worker-0/INFO] [ModernUI-MC/Init]: Initialized Modern UI
[259月2026 16:24:37.975] [modloading-worker-0/INFO] [Puzzles Lib/]: Dispatching loading event for config pickupnotifier\pickupnotifier-client.toml
[259月2026 16:24:38.090] [modloading-worker-0/INFO] [xiao.cbrantisea.CbrAntiSea/]: Successfully loaded mask: /data/cbrantisea/masks/map1_256x256.png, size: 256x256
[259月2026 16:24:38.136] [modloading-worker-0/INFO] [xiao.cbrantisea.CbrAntiSea/]: Successfully loaded mask: /data/cbrantisea/masks/map2_256x256.png, size: 256x256
[259月2026 16:24:38.143] [modloading-worker-0/INFO] [xiao.battleroyale.BattleRoyale/]: GameManager gameId set to e68ebb1f-1e66-441d-901c-03d52d346c4d
[259月2026 16:24:38.171] [modloading-worker-0/WARN] [io.github.reserveword.imblocker.common.IMBlockerCore/]: [IMBlocker] Class com.enxv.aeronauticsstructuretool.ToolModeScreen not found, ignored.
[259月2026 16:24:38.172] [modloading-worker-0/WARN] [io.github.reserveword.imblocker.common.IMBlockerCore/]: [IMBlocker] Class net.mehvahdjukaar.supplementaries.client.screens.TextHolderEditScreen not found, ignored.
[259月2026 16:24:38.172] [modloading-worker-0/WARN] [io.github.reserveword.imblocker.common.IMBlockerCore/]: [IMBlocker] Class com.simibubi.create.content.equipment.clipboard.ClipboardScreen not found, ignored.
[259月2026 16:24:38.173] [modloading-worker-0/WARN] [io.github.reserveword.imblocker.common.IMBlockerCore/]: [IMBlocker] Class dev.simulated_team.simulated.content.blocks.nameplate.NameplateScreen not found, ignored.
[259月2026 16:24:38.173] [modloading-worker-0/WARN] [io.github.reserveword.imblocker.common.IMBlockerCore/]: [IMBlocker] Class me.desht.pneumaticcraft.client.gui.AphorismTileScreen not found, ignored.
[259月2026 16:24:38.174] [modloading-worker-0/INFO] [io.github.reserveword.imblocker.common.IMBlockerCore/]: [IMBlocker] bakelist screenWhitelist result [class net.minecraft.client.gui.screens.inventory.AbstractSignEditScreen, class net.minecraft.client.gui.screens.inventory.BookEditScreen]
[259月2026 16:24:38.175] [modloading-worker-0/WARN] [io.github.reserveword.imblocker.common.IMBlockerCore/]: [IMBlocker] Class net.pedroksl.advanced_ae.client.gui.QuantumCrafterConfigPatternScreen not found, ignored.
[259月2026 16:24:38.175] [modloading-worker-0/INFO] [io.github.reserveword.imblocker.common.IMBlockerCore/]: [IMBlocker] bakelist charSimulationScreens result [class journeymap.client.ui.fullscreen.Fullscreen]
[259月2026 16:24:38.396] [modloading-worker-0/INFO] [CustomSkinLoader Bootstrap/]: Transformed net/minecraft/client/renderer/entity/player/PlayerRenderer with [customskinloader:render-patch]
[259月2026 16:24:38.397] [modloading-worker-0/INFO] [CustomSkinLoader Bootstrap/]: Transformed ModLauncher target net/minecraft/client/renderer/entity/player/PlayerRenderer with [customskinloader:render-patch]
[259月2026 16:24:38.594] [modloading-worker-0/INFO] [Puzzles Lib/]: Constructing components for puzzleslib:client
[259月2026 16:24:38.616] [modloading-worker-0/INFO] [Puzzles Lib/]: Constructing components for pickupnotifier:client
[259月2026 16:24:38.670] [modloading-worker-0/INFO] [snownee.kiwi.Kiwi/INIT]: Processing 9 KiwiModule annotations
[259月2026 16:24:38.941] [modloading-worker-0/INFO] [ModernUI-MC/UIManager]: UI manager initialized
[259月2026 16:24:39.487] [modloading-worker-0/INFO] [ModernUI-MC/Init]: Created TextLayoutEngine
[259月2026 16:24:39.491] [modloading-worker-0/INFO] [ModernUI-MC/Init]: Initialized Modern UI text engine
[259月2026 16:24:39.495] [modloading-worker-0/INFO] [ModernUI-MC/Init]: Initialized Modern UI client
[259月2026 16:24:39.966] [modloading-worker-0/INFO] [thedarkcolour.kotlinforforge.neoforge.test.KotlinForForge/]: Kotlin For Forge Enabled!
[259月2026 16:24:40.022] [modloading-worker-0/INFO] [星火核心/Native加载器/]: 已加载多线程物理库: C:\Users\*\AppData\Local\Temp\spark_core_natives\spark_core\bullet\windows\x86_64\bulletjme.dll
[259月2026 16:24:40.810] [UI thread/INFO] [ModernUI-MC/UIManager]: UI thread initialized in 1953ms
[259月2026 16:24:41.433] [modloading-worker-0/WARN] [net.minecraft.network.syncher.SynchedEntityData/]: defineId called for: class io.github.sweetzonzi.machine_max.common.vehicle.DestroyableObject from class io.github.sweetzonzi.machine_max.common.vehicle.DestroyableRigidObject
[259月2026 16:24:42.112] [modloading-sync-worker/INFO] [snownee.kiwi.Kiwi/INIT]: Module [passablefoliage:core] initialized
[259月2026 16:24:42.113] [modloading-sync-worker/INFO] [snownee.kiwi.Kiwi/INIT]: Module [passablefoliage:neoforge] initialized
[259月2026 16:24:42.114] [modloading-sync-worker/INFO] [snownee.kiwi.Kiwi/INIT]: 		neoforge:condition_codecs: 1
[259月2026 16:24:42.114] [modloading-sync-worker/INFO] [snownee.kiwi.Kiwi/INIT]: Module [kiwi:data] initialized
[259月2026 16:24:42.115] [modloading-sync-worker/INFO] [snownee.kiwi.Kiwi/INIT]: 		recipe_serializer: 2, neoforge:condition_codecs: 2
[259月2026 16:24:42.115] [modloading-sync-worker/INFO] [snownee.kiwi.Kiwi/INIT]: Module [passablefoliage:enchantment] initialized
[259月2026 16:24:42.115] [modloading-sync-worker/INFO] [snownee.kiwi.Kiwi/INIT]: 		enchantment_effect_component_type: 1
[259月2026 16:24:42.395] [modloading-sync-worker/FATAL] [mixin/]: Mixin apply for mod nospread failed nospread.mixins.json:GunProjectileMixin from mod nospread -> dev.xcolorful.customgun.core.entity.projectile.GunProjectile: org.spongepowered.asm.mixin.injection.throwables.InvalidInjectionException Invalid descriptor on nospread.mixins.json:GunProjectileMixin from mod nospread->@Inject::nospread$removeGravity(Ldev/xcolorful/customgun/core/entity/projectile/GunProjectile;Ldev/xcolorful/customgun/core/api/entity/shooter/modifier/ShooterGunModifierCache;Lorg/spongepowered/asm/mixin/injection/callback/CallbackInfo;)V! Expected (Ldev/xcolorful/customgun/core/api/entity/shooter/modifier/ShooterGunModifierCache;Lorg/spongepowered/asm/mixin/injection/callback/CallbackInfo;)V but found (Ldev/xcolorful/customgun/core/entity/projectile/GunProjectile;Ldev/xcolorful/customgun/core/api/entity/shooter/modifier/ShooterGunModifierCache;Lorg/spongepowered/asm/mixin/injection/callback/CallbackInfo;)V [INJECT_APPLY Applicator Phase -> nospread.mixins.json:GunProjectileMixin from mod nospread -> Apply Injections ->  -> Inject -> nospread.mixins.json:GunProjectileMixin from mod nospread->@Inject::nospread$removeGravity(Ldev/xcolorful/customgun/core/entity/projectile/GunProjectile;Ldev/xcolorful/customgun/core/api/entity/shooter/modifier/ShooterGunModifierCache;Lorg/spongepowered/asm/mixin/injection/callback/CallbackInfo;)V]
org.spongepowered.asm.mixin.injection.throwables.InvalidInjectionException: Invalid descriptor on nospread.mixins.json:GunProjectileMixin from mod nospread->@Inject::nospread$removeGravity(Ldev/xcolorful/customgun/core/entity/projectile/GunProjectile;Ldev/xcolorful/customgun/core/api/entity/shooter/modifier/ShooterGunModifierCache;Lorg/spongepowered/asm/mixin/injection/callback/CallbackInfo;)V! Expected (Ldev/xcolorful/customgun/core/api/entity/shooter/modifier/ShooterGunModifierCache;Lorg/spongepowered/asm/mixin/injection/callback/CallbackInfo;)V but found (Ldev/xcolorful/customgun/core/entity/projectile/GunProjectile;Ldev/xcolorful/customgun/core/api/entity/shooter/modifier/ShooterGunModifierCache;Lorg/spongepowered/asm/mixin/injection/callback/CallbackInfo;)V [INJECT_APPLY Applicator Phase -> nospread.mixins.json:GunProjectileMixin from mod nospread -> Apply Injections ->  -> Inject -> nospread.mixins.json:GunProjectileMixin from mod nospread->@Inject::nospread$removeGravity(Ldev/xcolorful/customgun/core/entity/projectile/GunProjectile;Ldev/xcolorful/customgun/core/api/entity/shooter/modifier/ShooterGunModifierCache;Lorg/spongepowered/asm/mixin/injection/callback/CallbackInfo;)V]
	at MC-BOOTSTRAP/org.spongepowered.mixin/org.spongepowered.asm.mixin.injection.callback.CallbackInjector.inject(CallbackInjector.java:560) ~[sponge-mixin-0.15.2+mixin.0.8.7.jar:0.15.2+mixin.0.8.7]
	at MC-BOOTSTRAP/org.spongepowered.mixin/org.spongepowered.asm.mixin.injection.callback.CallbackInjector.inject(CallbackInjector.java:490) ~[sponge-mixin-0.15.2+mixin.0.8.7.jar:0.15.2+mixin.0.8.7]
	at MC-BOOTSTRAP/org.spongepowered.mixin/org.spongepowered.asm.mixin.injection.code.Injector.inject(Injector.java:284) ~[sponge-mixin-0.15.2+mixin.0.8.7.jar:0.15.2+mixin.0.8.7]
	at MC-BOOTSTRAP/org.spongepowered.mixin/org.spongepowered.asm.mixin.injection.struct.InjectionInfo.inject(InjectionInfo.java:508) ~[sponge-mixin-0.15.2+mixin.0.8.7.jar:0.15.2+mixin.0.8.7]
	at MC-BOOTSTRAP/org.spongepowered.mixin/org.spongepowered.asm.mixin.transformer.MixinTargetContext.applyInjections(MixinTargetContext.java:1483) ~[sponge-mixin-0.15.2+mixin.0.8.7.jar:0.15.2+mixin.0.8.7]
	at MC-BOOTSTRAP/org.spongepowered.mixin/org.spongepowered.asm.mixin.transformer.MixinApplicatorStandard.applyInjections(MixinApplicatorStandard.java:752) ~[sponge-mixin-0.15.2+mixin.0.8.7.jar:0.15.2+mixin.0.8.7]
	at MC-BOOTSTRAP/org.spongepowered.mixin/org.spongepowered.asm.mixin.transformer.MixinApplicatorStandard.applyMixin(MixinApplicatorStandard.java:330) ~[sponge-mixin-0.15.2+mixin.0.8.7.jar:0.15.2+mixin.0.8.7]
	at MC-BOOTSTRAP/org.spongepowered.mixin/org.spongepowered.asm.mixin.transformer.MixinApplicatorStandard.apply(MixinApplicatorStandard.java:246) ~[sponge-mixin-0.15.2+mixin.0.8.7.jar:0.15.2+mixin.0.8.7]
	at MC-BOOTSTRAP/org.spongepowered.mixin/org.spongepowered.asm.mixin.transformer.TargetClassContext.apply(TargetClassContext.java:437) ~[sponge-mixin-0.15.2+mixin.0.8.7.jar:0.15.2+mixin.0.8.7]
	at MC-BOOTSTRAP/org.spongepowered.mixin/org.spongepowered.asm.mixin.transformer.TargetClassContext.applyMixins(TargetClassContext.java:418) ~[sponge-mixin-0.15.2+mixin.0.8.7.jar:0.15.2+mixin.0.8.7]
	at MC-BOOTSTRAP/org.spongepowered.mixin/org.spongepowered.asm.mixin.transformer.MixinProcessor.applyMixins(MixinProcessor.java:363) ~[sponge-mixin-0.15.2+mixin.0.8.7.jar:0.15.2+mixin.0.8.7]
	at MC-BOOTSTRAP/org.spongepowered.mixin/org.spongepowered.asm.mixin.transformer.MixinTransformer.transformClass(MixinTransformer.java:250) ~[sponge-mixin-0.15.2+mixin.0.8.7.jar:0.15.2+mixin.0.8.7]
	at MC-BOOTSTRAP/org.spongepowered.mixin/org.spongepowered.asm.service.modlauncher.MixinTransformationHandler.processClass(MixinTransformationHandler.java:131) ~[sponge-mixin-0.15.2+mixin.0.8.7.jar:0.15.2+mixin.0.8.7]
	at MC-BOOTSTRAP/org.spongepowered.mixin/org.spongepowered.asm.launch.MixinLaunchPluginLegacy.processClass(MixinLaunchPluginLegacy.java:131) ~[sponge-mixin-0.15.2+mixin.0.8.7.jar:0.15.2+mixin.0.8.7]
	at MC-BOOTSTRAP/cpw.mods.modlauncher@11.0.5/cpw.mods.modlauncher.serviceapi.ILaunchPluginService.processClassWithFlags(ILaunchPluginService.java:156) ~[modlauncher-11.0.5.jar:11.0.5+main.901c6ea8]
	at MC-BOOTSTRAP/cpw.mods.modlauncher@11.0.5/cpw.mods.modlauncher.LaunchPluginHandler.offerClassNodeToPlugins(LaunchPluginHandler.java:94) ~[modlauncher-11.0.5.jar:?]
	at MC-BOOTSTRAP/cpw.mods.modlauncher@11.0.5/cpw.mods.modlauncher.ClassTransformer.transform(ClassTransformer.java:120) ~[modlauncher-11.0.5.jar:?]
	at MC-BOOTSTRAP/cpw.mods.modlauncher@11.0.5/cpw.mods.modlauncher.TransformingClassLoader.maybeTransformClassBytes(TransformingClassLoader.java:57) ~[modlauncher-11.0.5.jar:?]
	at cpw.mods.securejarhandler/cpw.mods.cl.ModuleClassLoader.readerToClass(ModuleClassLoader.java:190) ~[securejarhandler-3.0.8.jar:?]
	at cpw.mods.securejarhandler/cpw.mods.cl.ModuleClassLoader.lambda$findClass$20(ModuleClassLoader.java:298) ~[securejarhandler-3.0.8.jar:?]
	at cpw.mods.securejarhandler/cpw.mods.cl.ModuleClassLoader.loadFromModule(ModuleClassLoader.java:311) ~[securejarhandler-3.0.8.jar:?]
	at cpw.mods.securejarhandler/cpw.mods.cl.ModuleClassLoader.findClass(ModuleClassLoader.java:298) ~[securejarhandler-3.0.8.jar:?]
	at cpw.mods.securejarhandler/cpw.mods.cl.ModuleClassLoader.loadClass(ModuleClassLoader.java:214) ~[securejarhandler-3.0.8.jar:?]
	at java.base/java.lang.ClassLoader.loadClass(ClassLoader.java:526) ~[?:?]
	at TRANSFORMER/customgun@26.9.19/dev.xcolorful.customgun.core.init.registry.ModEntities.lambda$static$0(ModEntities.java:15) ~[customgun-26.9.19-neoforge-1.21.1.jar%23278!/:?]
	at TRANSFORMER/neoforge@21.1.219/net.neoforged.neoforge.registries.DeferredRegister.lambda$register$0(DeferredRegister.java:215) ~[neoforge-21.1.219-universal.jar%23248!/:?]
	at TRANSFORMER/neoforge@21.1.219/net.neoforged.neoforge.registries.DeferredRegister.lambda$register$1(DeferredRegister.java:234) ~[neoforge-21.1.219-universal.jar%23248!/:?]
	at TRANSFORMER/neoforge@21.1.219/net.neoforged.neoforge.registries.DeferredRegister.lambda$addEntries$2(DeferredRegister.java:375) ~[neoforge-21.1.219-universal.jar%23248!/:?]
	at TRANSFORMER/neoforge@21.1.219/net.neoforged.neoforge.registries.RegisterEvent.register(RegisterEvent.java:48) ~[neoforge-21.1.219-universal.jar%23248!/:?]
	at TRANSFORMER/neoforge@21.1.219/net.neoforged.neoforge.registries.DeferredRegister.addEntries(DeferredRegister.java:375) ~[neoforge-21.1.219-universal.jar%23248!/:?]
	at MC-BOOTSTRAP/net.neoforged.bus/net.neoforged.bus.ConsumerEventHandler.invoke(ConsumerEventHandler.java:27) ~[bus-8.0.5.jar%23164!/:?]
	at MC-BOOTSTRAP/net.neoforged.bus/net.neoforged.bus.EventBus.post(EventBus.java:360) ~[bus-8.0.5.jar%23164!/:?]
	at MC-BOOTSTRAP/net.neoforged.bus/net.neoforged.bus.EventBus.post(EventBus.java:342) ~[bus-8.0.5.jar%23164!/:?]
	at MC-BOOTSTRAP/fml_loader@4.0.42/net.neoforged.fml.ModContainer.acceptEvent(ModContainer.java:177) ~[loader-4.0.42.jar%23161!/:4.0]
	at TRANSFORMER/neoforge@21.1.219/net.neoforged.neoforge.registries.GameData.md69dc26$modernfix$lambda$postWithProgressBar$0$0(GameData.java:1537) ~[neoforge-21.1.219-universal.jar%23248!/:?]
	at java.base/java.lang.Iterable.forEach(Iterable.java:75) ~[?:?]
	at MC-BOOTSTRAP/fml_loader@4.0.42/net.neoforged.fml.ModList.forEachModInOrder(ModList.java:174) ~[loader-4.0.42.jar%23161!/:4.0]
	at TRANSFORMER/neoforge@21.1.219/net.neoforged.neoforge.registries.GameData.redirect$bca000$modernfix$postWithProgressBar(GameData.java:1533) ~[neoforge-21.1.219-universal.jar%23248!/:?]
	at TRANSFORMER/neoforge@21.1.219/net.neoforged.neoforge.registries.GameData.postRegisterEvents(GameData.java:92) ~[neoforge-21.1.219-universal.jar%23248!/:?]
	at TRANSFORMER/neoforge@21.1.219/net.neoforged.neoforge.internal.CommonModLoader.lambda$begin$0(CommonModLoader.java:54) ~[neoforge-21.1.219-universal.jar%23248!/:?]
	at java.base/java.util.concurrent.CompletableFuture$AsyncRun.run(CompletableFuture.java:1804) ~[?:?]
	at java.base/java.util.concurrent.ThreadPoolExecutor.runWorker(ThreadPoolExecutor.java:1144) ~[?:?]
	at java.base/java.util.concurrent.ThreadPoolExecutor$Worker.run(ThreadPoolExecutor.java:642) ~[?:?]
	at java.base/java.lang.Thread.run(Thread.java:1583) [?:?]
[259月2026 16:24:42.475] [modloading-sync-worker/ERROR] [net.neoforged.fml.javafmlmod.FMLModContainer/]: Exception caught during firing event: An unexpected critical error was encountered
	Index: 2
	Listeners:
		0: net.neoforged.neoforge.registries.DeferredRegister$$Lambda/0x00000160a3f4edf0@49dff953
		1: net.neoforged.neoforge.registries.DeferredRegister$$Lambda/0x00000160a3f4edf0@6cbb586e
		2: net.neoforged.neoforge.registries.DeferredRegister$$Lambda/0x00000160a3f4edf0@4d100e0d
		3: net.neoforged.neoforge.registries.DeferredRegister$$Lambda/0x00000160a3f4edf0@41423626
		4: net.neoforged.neoforge.registries.DeferredRegister$$Lambda/0x00000160a3f4edf0@30b8531f
		5: net.neoforged.neoforge.registries.DeferredRegister$$Lambda/0x00000160a3f4edf0@c2e01fa
		6: net.neoforged.neoforge.registries.DeferredRegister$$Lambda/0x00000160a3f4edf0@505d71c3
		7: net.neoforged.neoforge.registries.DeferredRegister$$Lambda/0x00000160a3f4edf0@53f4fa8a
		8: net.neoforged.neoforge.registries.DeferredRegister$$Lambda/0x00000160a3f4edf0@7dc92b48
		9: net.neoforged.neoforge.registries.DeferredRegister$$Lambda/0x00000160a3f4edf0@1c28bc78
org.spongepowered.asm.mixin.transformer.throwables.MixinTransformerError: An unexpected critical error was encountered
	at MC-BOOTSTRAP/org.spongepowered.mixin/org.spongepowered.asm.mixin.transformer.MixinProcessor.applyMixins(MixinProcessor.java:392)
	at MC-BOOTSTRAP/org.spongepowered.mixin/org.spongepowered.asm.mixin.transformer.MixinTransformer.transformClass(MixinTransformer.java:250)
	at MC-BOOTSTRAP/org.spongepowered.mixin/org.spongepowered.asm.service.modlauncher.MixinTransformationHandler.processClass(MixinTransformationHandler.java:131)
	at MC-BOOTSTRAP/org.spongepowered.mixin/org.spongepowered.asm.launch.MixinLaunchPluginLegacy.processClass(MixinLaunchPluginLegacy.java:131)
	at MC-BOOTSTRAP/cpw.mods.modlauncher@11.0.5/cpw.mods.modlauncher.serviceapi.ILaunchPluginService.processClassWithFlags(ILaunchPluginService.java:156)
	at MC-BOOTSTRAP/cpw.mods.modlauncher@11.0.5/cpw.mods.modlauncher.LaunchPluginHandler.offerClassNodeToPlugins(LaunchPluginHandler.java:94)
	at MC-BOOTSTRAP/cpw.mods.modlauncher@11.0.5/cpw.mods.modlauncher.ClassTransformer.transform(ClassTransformer.java:120)
	at MC-BOOTSTRAP/cpw.mods.modlauncher@11.0.5/cpw.mods.modlauncher.TransformingClassLoader.maybeTransformClassBytes(TransformingClassLoader.java:57)
	at cpw.mods.securejarhandler/cpw.mods.cl.ModuleClassLoader.readerToClass(ModuleClassLoader.java:190)
	at cpw.mods.securejarhandler/cpw.mods.cl.ModuleClassLoader.lambda$findClass$20(ModuleClassLoader.java:298)
	at cpw.mods.securejarhandler/cpw.mods.cl.ModuleClassLoader.loadFromModule(ModuleClassLoader.java:311)
	at cpw.mods.securejarhandler/cpw.mods.cl.ModuleClassLoader.findClass(ModuleClassLoader.java:298)
	at cpw.mods.securejarhandler/cpw.mods.cl.ModuleClassLoader.loadClass(ModuleClassLoader.java:214)
	at java.base/java.lang.ClassLoader.loadClass(ClassLoader.java:526)
	at TRANSFORMER/customgun@26.9.19/dev.xcolorful.customgun.core.init.registry.ModEntities.lambda$static$0(ModEntities.java:15)
	at TRANSFORMER/neoforge@21.1.219/net.neoforged.neoforge.registries.DeferredRegister.lambda$register$0(DeferredRegister.java:215)
	at TRANSFORMER/neoforge@21.1.219/net.neoforged.neoforge.registries.DeferredRegister.lambda$register$1(DeferredRegister.java:234)
	at TRANSFORMER/neoforge@21.1.219/net.neoforged.neoforge.registries.DeferredRegister.lambda$addEntries$2(DeferredRegister.java:375)
	at TRANSFORMER/neoforge@21.1.219/net.neoforged.neoforge.registries.RegisterEvent.register(RegisterEvent.java:48)
	at TRANSFORMER/neoforge@21.1.219/net.neoforged.neoforge.registries.DeferredRegister.addEntries(DeferredRegister.java:375)
	at MC-BOOTSTRAP/net.neoforged.bus/net.neoforged.bus.ConsumerEventHandler.invoke(ConsumerEventHandler.java:27)
	at MC-BOOTSTRAP/net.neoforged.bus/net.neoforged.bus.EventBus.post(EventBus.java:360)
	at MC-BOOTSTRAP/net.neoforged.bus/net.neoforged.bus.EventBus.post(EventBus.java:342)
	at MC-BOOTSTRAP/fml_loader@4.0.42/net.neoforged.fml.ModContainer.acceptEvent(ModContainer.java:177)
	at TRANSFORMER/neoforge@21.1.219/net.neoforged.neoforge.registries.GameData.md69dc26$modernfix$lambda$postWithProgressBar$0$0(GameData.java:1537)
	at java.base/java.lang.Iterable.forEach(Iterable.java:75)
	at MC-BOOTSTRAP/fml_loader@4.0.42/net.neoforged.fml.ModList.forEachModInOrder(ModList.java:174)
	at TRANSFORMER/neoforge@21.1.219/net.neoforged.neoforge.registries.GameData.redirect$bca000$modernfix$postWithProgressBar(GameData.java:1533)
	at TRANSFORMER/neoforge@21.1.219/net.neoforged.neoforge.registries.GameData.postRegisterEvents(GameData.java:92)
	at TRANSFORMER/neoforge@21.1.219/net.neoforged.neoforge.internal.CommonModLoader.lambda$begin$0(CommonModLoader.java:54)
	at java.base/java.util.concurrent.CompletableFuture$AsyncRun.run(CompletableFuture.java:1804)
	at java.base/java.util.concurrent.ThreadPoolExecutor.runWorker(ThreadPoolExecutor.java:1144)
	at java.base/java.util.concurrent.ThreadPoolExecutor$Worker.run(ThreadPoolExecutor.java:642)
	at java.base/java.lang.Thread.run(Thread.java:1583)
Caused by: org.spongepowered.asm.mixin.throwables.MixinApplyError: Mixin [nospread.mixins.json:GunProjectileMixin from mod nospread] from phase [DEFAULT] in config [nospread.mixins.json] FAILED during APPLY
	at MC-BOOTSTRAP/org.spongepowered.mixin/org.spongepowered.asm.mixin.transformer.MixinProcessor.handleMixinError(MixinProcessor.java:638)
	at MC-BOOTSTRAP/org.spongepowered.mixin/org.spongepowered.asm.mixin.transformer.MixinProcessor.handleMixinApplyError(MixinProcessor.java:589)
	at MC-BOOTSTRAP/org.spongepowered.mixin/org.spongepowered.asm.mixin.transformer.MixinProcessor.applyMixins(MixinProcessor.java:379)
	... 33 more
Caused by: org.spongepowered.asm.mixin.injection.throwables.InvalidInjectionException: Invalid descriptor on nospread.mixins.json:GunProjectileMixin from mod nospread->@Inject::nospread$removeGravity(Ldev/xcolorful/customgun/core/entity/projectile/GunProjectile;Ldev/xcolorful/customgun/core/api/entity/shooter/modifier/ShooterGunModifierCache;Lorg/spongepowered/asm/mixin/injection/callback/CallbackInfo;)V! Expected (Ldev/xcolorful/customgun/core/api/entity/shooter/modifier/ShooterGunModifierCache;Lorg/spongepowered/asm/mixin/injection/callback/CallbackInfo;)V but found (Ldev/xcolorful/customgun/core/entity/projectile/GunProjectile;Ldev/xcolorful/customgun/core/api/entity/shooter/modifier/ShooterGunModifierCache;Lorg/spongepowered/asm/mixin/injection/callback/CallbackInfo;)V [INJECT_APPLY Applicator Phase -> nospread.mixins.json:GunProjectileMixin from mod nospread -> Apply Injections ->  -> Inject -> nospread.mixins.json:GunProjectileMixin from mod nospread->@Inject::nospread$removeGravity(Ldev/xcolorful/customgun/core/entity/projectile/GunProjectile;Ldev/xcolorful/customgun/core/api/entity/shooter/modifier/ShooterGunModifierCache;Lorg/spongepowered/asm/mixin/injection/callback/CallbackInfo;)V]
	at MC-BOOTSTRAP/org.spongepowered.mixin/org.spongepowered.asm.mixin.injection.callback.CallbackInjector.inject(CallbackInjector.java:560)
	at MC-BOOTSTRAP/org.spongepowered.mixin/org.spongepowered.asm.mixin.injection.callback.CallbackInjector.inject(CallbackInjector.java:490)
	at MC-BOOTSTRAP/org.spongepowered.mixin/org.spongepowered.asm.mixin.injection.code.Injector.inject(Injector.java:284)
	at MC-BOOTSTRAP/org.spongepowered.mixin/org.spongepowered.asm.mixin.injection.struct.InjectionInfo.inject(InjectionInfo.java:508)
	at MC-BOOTSTRAP/org.spongepowered.mixin/org.spongepowered.asm.mixin.transformer.MixinTargetContext.applyInjections(MixinTargetContext.java:1483)
	at MC-BOOTSTRAP/org.spongepowered.mixin/org.spongepowered.asm.mixin.transformer.MixinApplicatorStandard.applyInjections(MixinApplicatorStandard.java:752)
	at MC-BOOTSTRAP/org.spongepowered.mixin/org.spongepowered.asm.mixin.transformer.MixinApplicatorStandard.applyMixin(MixinApplicatorStandard.java:330)
	at MC-BOOTSTRAP/org.spongepowered.mixin/org.spongepowered.asm.mixin.transformer.MixinApplicatorStandard.apply(MixinApplicatorStandard.java:246)
	at MC-BOOTSTRAP/org.spongepowered.mixin/org.spongepowered.asm.mixin.transformer.TargetClassContext.apply(TargetClassContext.java:437)
	at MC-BOOTSTRAP/org.spongepowered.mixin/org.spongepowered.asm.mixin.transformer.TargetClassContext.applyMixins(TargetClassContext.java:418)
	at MC-BOOTSTRAP/org.spongepowered.mixin/org.spongepowered.asm.mixin.transformer.MixinProcessor.applyMixins(MixinProcessor.java:363)
	... 33 more

[259月2026 16:24:42.485] [modloading-sync-worker/ERROR] [net.neoforged.fml.ModContainer/LOADING]: Caught exception during event net.neoforged.neoforge.registries.RegisterEvent@6f979540 dispatch for modid customgun
org.spongepowered.asm.mixin.transformer.throwables.MixinTransformerError: An unexpected critical error was encountered
	at MC-BOOTSTRAP/org.spongepowered.mixin/org.spongepowered.asm.mixin.transformer.MixinProcessor.applyMixins(MixinProcessor.java:392) ~[sponge-mixin-0.15.2+mixin.0.8.7.jar:0.15.2+mixin.0.8.7]
	at MC-BOOTSTRAP/org.spongepowered.mixin/org.spongepowered.asm.mixin.transformer.MixinTransformer.transformClass(MixinTransformer.java:250) ~[sponge-mixin-0.15.2+mixin.0.8.7.jar:0.15.2+mixin.0.8.7]
	at MC-BOOTSTRAP/org.spongepowered.mixin/org.spongepowered.asm.service.modlauncher.MixinTransformationHandler.processClass(MixinTransformationHandler.java:131) ~[sponge-mixin-0.15.2+mixin.0.8.7.jar:0.15.2+mixin.0.8.7]
	at MC-BOOTSTRAP/org.spongepowered.mixin/org.spongepowered.asm.launch.MixinLaunchPluginLegacy.processClass(MixinLaunchPluginLegacy.java:131) ~[sponge-mixin-0.15.2+mixin.0.8.7.jar:0.15.2+mixin.0.8.7]
	at MC-BOOTSTRAP/cpw.mods.modlauncher@11.0.5/cpw.mods.modlauncher.serviceapi.ILaunchPluginService.processClassWithFlags(ILaunchPluginService.java:156) ~[modlauncher-11.0.5.jar:11.0.5+main.901c6ea8]
	at MC-BOOTSTRAP/cpw.mods.modlauncher@11.0.5/cpw.mods.modlauncher.LaunchPluginHandler.offerClassNodeToPlugins(LaunchPluginHandler.java:94) ~[modlauncher-11.0.5.jar:?]
	at MC-BOOTSTRAP/cpw.mods.modlauncher@11.0.5/cpw.mods.modlauncher.ClassTransformer.transform(ClassTransformer.java:120) ~[modlauncher-11.0.5.jar:?]
	at MC-BOOTSTRAP/cpw.mods.modlauncher@11.0.5/cpw.mods.modlauncher.TransformingClassLoader.maybeTransformClassBytes(TransformingClassLoader.java:57) ~[modlauncher-11.0.5.jar:?]
	at cpw.mods.securejarhandler/cpw.mods.cl.ModuleClassLoader.readerToClass(ModuleClassLoader.java:190) ~[securejarhandler-3.0.8.jar:?]
	at cpw.mods.securejarhandler/cpw.mods.cl.ModuleClassLoader.lambda$findClass$20(ModuleClassLoader.java:298) ~[securejarhandler-3.0.8.jar:?]
	at cpw.mods.securejarhandler/cpw.mods.cl.ModuleClassLoader.loadFromModule(ModuleClassLoader.java:311) ~[securejarhandler-3.0.8.jar:?]
	at cpw.mods.securejarhandler/cpw.mods.cl.ModuleClassLoader.findClass(ModuleClassLoader.java:298) ~[securejarhandler-3.0.8.jar:?]
	at cpw.mods.securejarhandler/cpw.mods.cl.ModuleClassLoader.loadClass(ModuleClassLoader.java:214) ~[securejarhandler-3.0.8.jar:?]
	at java.base/java.lang.ClassLoader.loadClass(ClassLoader.java:526) ~[?:?]
	at TRANSFORMER/customgun@26.9.19/dev.xcolorful.customgun.core.init.registry.ModEntities.lambda$static$0(ModEntities.java:15) ~[customgun-26.9.19-neoforge-1.21.1.jar%23278!/:?]
	at TRANSFORMER/neoforge@21.1.219/net.neoforged.neoforge.registries.DeferredRegister.lambda$register$0(DeferredRegister.java:215) ~[neoforge-21.1.219-universal.jar%23248!/:?]
	at TRANSFORMER/neoforge@21.1.219/net.neoforged.neoforge.registries.DeferredRegister.lambda$register$1(DeferredRegister.java:234) ~[neoforge-21.1.219-universal.jar%23248!/:?]
	at TRANSFORMER/neoforge@21.1.219/net.neoforged.neoforge.registries.DeferredRegister.lambda$addEntries$2(DeferredRegister.java:375) ~[neoforge-21.1.219-universal.jar%23248!/:?]
	at TRANSFORMER/neoforge@21.1.219/net.neoforged.neoforge.registries.RegisterEvent.register(RegisterEvent.java:48) ~[neoforge-21.1.219-universal.jar%23248!/:?]
	at TRANSFORMER/neoforge@21.1.219/net.neoforged.neoforge.registries.DeferredRegister.addEntries(DeferredRegister.java:375) ~[neoforge-21.1.219-universal.jar%23248!/:?]
	at MC-BOOTSTRAP/net.neoforged.bus/net.neoforged.bus.ConsumerEventHandler.invoke(ConsumerEventHandler.java:27) ~[bus-8.0.5.jar%23164!/:?]
	at MC-BOOTSTRAP/net.neoforged.bus/net.neoforged.bus.EventBus.post(EventBus.java:360) ~[bus-8.0.5.jar%23164!/:?]
	at MC-BOOTSTRAP/net.neoforged.bus/net.neoforged.bus.EventBus.post(EventBus.java:342) ~[bus-8.0.5.jar%23164!/:?]
	at MC-BOOTSTRAP/fml_loader@4.0.42/net.neoforged.fml.ModContainer.acceptEvent(ModContainer.java:177) ~[loader-4.0.42.jar%23161!/:4.0]
	at TRANSFORMER/neoforge@21.1.219/net.neoforged.neoforge.registries.GameData.md69dc26$modernfix$lambda$postWithProgressBar$0$0(GameData.java:1537) ~[neoforge-21.1.219-universal.jar%23248!/:?]
	at java.base/java.lang.Iterable.forEach(Iterable.java:75) ~[?:?]
	at MC-BOOTSTRAP/fml_loader@4.0.42/net.neoforged.fml.ModList.forEachModInOrder(ModList.java:174) ~[loader-4.0.42.jar%23161!/:4.0]
	at TRANSFORMER/neoforge@21.1.219/net.neoforged.neoforge.registries.GameData.redirect$bca000$modernfix$postWithProgressBar(GameData.java:1533) ~[neoforge-21.1.219-universal.jar%23248!/:?]
	at TRANSFORMER/neoforge@21.1.219/net.neoforged.neoforge.registries.GameData.postRegisterEvents(GameData.java:92) ~[neoforge-21.1.219-universal.jar%23248!/:?]
	at TRANSFORMER/neoforge@21.1.219/net.neoforged.neoforge.internal.CommonModLoader.lambda$begin$0(CommonModLoader.java:54) ~[neoforge-21.1.219-universal.jar%23248!/:?]
	at java.base/java.util.concurrent.CompletableFuture$AsyncRun.run(CompletableFuture.java:1804) ~[?:?]
	at java.base/java.util.concurrent.ThreadPoolExecutor.runWorker(ThreadPoolExecutor.java:1144) ~[?:?]
	at java.base/java.util.concurrent.ThreadPoolExecutor$Worker.run(ThreadPoolExecutor.java:642) ~[?:?]
	at java.base/java.lang.Thread.run(Thread.java:1583) [?:?]
Caused by: org.spongepowered.asm.mixin.throwables.MixinApplyError: Mixin [nospread.mixins.json:GunProjectileMixin from mod nospread] from phase [DEFAULT] in config [nospread.mixins.json] FAILED during APPLY
	at MC-BOOTSTRAP/org.spongepowered.mixin/org.spongepowered.asm.mixin.transformer.MixinProcessor.handleMixinError(MixinProcessor.java:638) ~[sponge-mixin-0.15.2+mixin.0.8.7.jar:0.15.2+mixin.0.8.7]
	at MC-BOOTSTRAP/org.spongepowered.mixin/org.spongepowered.asm.mixin.transformer.MixinProcessor.handleMixinApplyError(MixinProcessor.java:589) ~[sponge-mixin-0.15.2+mixin.0.8.7.jar:0.15.2+mixin.0.8.7]
	at MC-BOOTSTRAP/org.spongepowered.mixin/org.spongepowered.asm.mixin.transformer.MixinProcessor.applyMixins(MixinProcessor.java:379) ~[sponge-mixin-0.15.2+mixin.0.8.7.jar:0.15.2+mixin.0.8.7]
	... 33 more
Caused by: org.spongepowered.asm.mixin.injection.throwables.InvalidInjectionException: Invalid descriptor on nospread.mixins.json:GunProjectileMixin from mod nospread->@Inject::nospread$removeGravity(Ldev/xcolorful/customgun/core/entity/projectile/GunProjectile;Ldev/xcolorful/customgun/core/api/entity/shooter/modifier/ShooterGunModifierCache;Lorg/spongepowered/asm/mixin/injection/callback/CallbackInfo;)V! Expected (Ldev/xcolorful/customgun/core/api/entity/shooter/modifier/ShooterGunModifierCache;Lorg/spongepowered/asm/mixin/injection/callback/CallbackInfo;)V but found (Ldev/xcolorful/customgun/core/entity/projectile/GunProjectile;Ldev/xcolorful/customgun/core/api/entity/shooter/modifier/ShooterGunModifierCache;Lorg/spongepowered/asm/mixin/injection/callback/CallbackInfo;)V [INJECT_APPLY Applicator Phase -> nospread.mixins.json:GunProjectileMixin from mod nospread -> Apply Injections ->  -> Inject -> nospread.mixins.json:GunProjectileMixin from mod nospread->@Inject::nospread$removeGravity(Ldev/xcolorful/customgun/core/entity/projectile/GunProjectile;Ldev/xcolorful/customgun/core/api/entity/shooter/modifier/ShooterGunModifierCache;Lorg/spongepowered/asm/mixin/injection/callback/CallbackInfo;)V]
	at MC-BOOTSTRAP/org.spongepowered.mixin/org.spongepowered.asm.mixin.injection.callback.CallbackInjector.inject(CallbackInjector.java:560) ~[sponge-mixin-0.15.2+mixin.0.8.7.jar:0.15.2+mixin.0.8.7]
	at MC-BOOTSTRAP/org.spongepowered.mixin/org.spongepowered.asm.mixin.injection.callback.CallbackInjector.inject(CallbackInjector.java:490) ~[sponge-mixin-0.15.2+mixin.0.8.7.jar:0.15.2+mixin.0.8.7]
	at MC-BOOTSTRAP/org.spongepowered.mixin/org.spongepowered.asm.mixin.injection.code.Injector.inject(Injector.java:284) ~[sponge-mixin-0.15.2+mixin.0.8.7.jar:0.15.2+mixin.0.8.7]
	at MC-BOOTSTRAP/org.spongepowered.mixin/org.spongepowered.asm.mixin.injection.struct.InjectionInfo.inject(InjectionInfo.java:508) ~[sponge-mixin-0.15.2+mixin.0.8.7.jar:0.15.2+mixin.0.8.7]
	at MC-BOOTSTRAP/org.spongepowered.mixin/org.spongepowered.asm.mixin.transformer.MixinTargetContext.applyInjections(MixinTargetContext.java:1483) ~[sponge-mixin-0.15.2+mixin.0.8.7.jar:0.15.2+mixin.0.8.7]
	at MC-BOOTSTRAP/org.spongepowered.mixin/org.spongepowered.asm.mixin.transformer.MixinApplicatorStandard.applyInjections(MixinApplicatorStandard.java:752) ~[sponge-mixin-0.15.2+mixin.0.8.7.jar:0.15.2+mixin.0.8.7]
	at MC-BOOTSTRAP/org.spongepowered.mixin/org.spongepowered.asm.mixin.transformer.MixinApplicatorStandard.applyMixin(MixinApplicatorStandard.java:330) ~[sponge-mixin-0.15.2+mixin.0.8.7.jar:0.15.2+mixin.0.8.7]
	at MC-BOOTSTRAP/org.spongepowered.mixin/org.spongepowered.asm.mixin.transformer.MixinApplicatorStandard.apply(MixinApplicatorStandard.java:246) ~[sponge-mixin-0.15.2+mixin.0.8.7.jar:0.15.2+mixin.0.8.7]
	at MC-BOOTSTRAP/org.spongepowered.mixin/org.spongepowered.asm.mixin.transformer.TargetClassContext.apply(TargetClassContext.java:437) ~[sponge-mixin-0.15.2+mixin.0.8.7.jar:0.15.2+mixin.0.8.7]
	at MC-BOOTSTRAP/org.spongepowered.mixin/org.spongepowered.asm.mixin.transformer.TargetClassContext.applyMixins(TargetClassContext.java:418) ~[sponge-mixin-0.15.2+mixin.0.8.7.jar:0.15.2+mixin.0.8.7]
	at MC-BOOTSTRAP/org.spongepowered.mixin/org.spongepowered.asm.mixin.transformer.MixinProcessor.applyMixins(MixinProcessor.java:363) ~[sponge-mixin-0.15.2+mixin.0.8.7.jar:0.15.2+mixin.0.8.7]
	... 33 more
[259月2026 16:24:43.417] [modloading-sync-worker/ERROR] [net.neoforged.neoforge.registries.GameData/]: Failed to register some entries, see suppressed exceptions for details
java.lang.RuntimeException: null
	at TRANSFORMER/neoforge@21.1.219/net.neoforged.neoforge.registries.GameData.postRegisterEvents(GameData.java:83) ~[neoforge-21.1.219-universal.jar%23248!/:?]
	at TRANSFORMER/neoforge@21.1.219/net.neoforged.neoforge.internal.CommonModLoader.lambda$begin$0(CommonModLoader.java:54) ~[neoforge-21.1.219-universal.jar%23248!/:?]
	at java.base/java.util.concurrent.CompletableFuture$AsyncRun.run(CompletableFuture.java:1804) ~[?:?]
	at java.base/java.util.concurrent.ThreadPoolExecutor.runWorker(ThreadPoolExecutor.java:1144) ~[?:?]
	at java.base/java.util.concurrent.ThreadPoolExecutor$Worker.run(ThreadPoolExecutor.java:642) ~[?:?]
	at java.base/java.lang.Thread.run(Thread.java:1583) [?:?]
	Suppressed: net.neoforged.fml.ModLoadingException: Loading errors encountered:
	- Custom Gun Continued (customgun) encountered an error while dispatching the net.neoforged.neoforge.registries.RegisterEvent event
	  org.spongepowered.asm.mixin.transformer.throwables.MixinTransformerError: An unexpected critical error was encountered

		at MC-BOOTSTRAP/fml_loader@4.0.42/net.neoforged.fml.ModContainer.acceptEvent(ModContainer.java:181) ~[loader-4.0.42.jar%23161!/:4.0]
		at TRANSFORMER/neoforge@21.1.219/net.neoforged.neoforge.registries.GameData.md69dc26$modernfix$lambda$postWithProgressBar$0$0(GameData.java:1537) ~[neoforge-21.1.219-universal.jar%23248!/:?]
		at java.base/java.lang.Iterable.forEach(Iterable.java:75) ~[?:?]
		at MC-BOOTSTRAP/fml_loader@4.0.42/net.neoforged.fml.ModList.forEachModInOrder(ModList.java:174) ~[loader-4.0.42.jar%23161!/:4.0]
		at TRANSFORMER/neoforge@21.1.219/net.neoforged.neoforge.registries.GameData.redirect$bca000$modernfix$postWithProgressBar(GameData.java:1533) ~[neoforge-21.1.219-universal.jar%23248!/:?]
		at TRANSFORMER/neoforge@21.1.219/net.neoforged.neoforge.registries.GameData.postRegisterEvents(GameData.java:92) ~[neoforge-21.1.219-universal.jar%23248!/:?]
		at TRANSFORMER/neoforge@21.1.219/net.neoforged.neoforge.internal.CommonModLoader.lambda$begin$0(CommonModLoader.java:54) ~[neoforge-21.1.219-universal.jar%23248!/:?]
		at java.base/java.util.concurrent.CompletableFuture$AsyncRun.run(CompletableFuture.java:1804) ~[?:?]
		at java.base/java.util.concurrent.ThreadPoolExecutor.runWorker(ThreadPoolExecutor.java:1144) ~[?:?]
		at java.base/java.util.concurrent.ThreadPoolExecutor$Worker.run(ThreadPoolExecutor.java:642) ~[?:?]
		at java.base/java.lang.Thread.run(Thread.java:1583) [?:?]
[259月2026 16:24:43.437] [modloading-sync-worker/ERROR] [net.neoforged.neoforge.registries.GameData/]: Rolling back to VANILLA state
[259月2026 16:24:43.637] [Render thread/FATAL] [net.neoforged.fml.ModLoader/LOADING]: Failed to wait for future Registry initialization, 1 errors found
[259月2026 16:24:43.906] [Render thread/ERROR] [Sodium/]: Something has gone horribly wrong in mod loading; Sodium cannot continue.
[259月2026 16:24:44.506] [Render thread/INFO] [CustomSkinLoader Bootstrap/]: Transformed net/minecraft/client/resources/SkinManager with [customskinloader:skin-manager-patch]
[259月2026 16:24:44.506] [Render thread/INFO] [CustomSkinLoader Bootstrap/]: Transformed ModLauncher target net/minecraft/client/resources/SkinManager with [customskinloader:skin-manager-patch]
[259月2026 16:24:44.510] [Render thread/INFO] [CustomSkinLoader Bootstrap/]: Transformed net/minecraft/client/resources/SkinManager$1 with [customskinloader:skin-manager-patch]
[259月2026 16:24:44.511] [Render thread/INFO] [CustomSkinLoader Bootstrap/]: Transformed ModLauncher target net/minecraft/client/resources/SkinManager$1 with [customskinloader:skin-manager-patch]
[259月2026 16:24:44.513] [Render thread/INFO] [CustomSkinLoader Bootstrap/]: Transformed net/minecraft/client/resources/SkinManager$TextureCache with [customskinloader:skin-manager-patch]
[259月2026 16:24:44.513] [Render thread/INFO] [CustomSkinLoader Bootstrap/]: Transformed ModLauncher target net/minecraft/client/resources/SkinManager$TextureCache with [customskinloader:skin-manager-patch]
[259月2026 16:24:44.527] [Render thread/INFO] [CustomSkinLoader Bootstrap/]: Transformed net/minecraft/client/renderer/texture/HttpTexture with [customskinloader:skin-texture-patch]
[259月2026 16:24:44.527] [Render thread/INFO] [CustomSkinLoader Bootstrap/]: Transformed ModLauncher target net/minecraft/client/renderer/texture/HttpTexture with [customskinloader:skin-texture-patch]
[259月2026 16:24:44.754] [Render thread/ERROR] [net.neoforged.fml.ModLoader/]: Cowardly refusing to send event net.neoforged.neoforge.client.event.sound.SoundEngineLoadEvent to a broken mod state
[259月2026 16:24:44.926] [Render thread/ERROR] [net.neoforged.fml.ModLoader/]: Cowardly refusing to send event net.neoforged.neoforge.client.event.RegisterColorHandlersEvent$Block to a broken mod state
[259月2026 16:24:44.943] [Render thread/ERROR] [net.neoforged.fml.ModLoader/]: Cowardly refusing to send event net.neoforged.neoforge.client.event.RegisterColorHandlersEvent$Item to a broken mod state
[259月2026 16:24:44.994] [Render thread/ERROR] [net.neoforged.fml.ModLoader/]: Cowardly refusing to send event net.neoforged.neoforge.client.event.RegisterMaterialAtlasesEvent to a broken mod state
[259月2026 16:24:45.304] [Render thread/ERROR] [net.neoforged.fml.ModLoader/]: Cowardly refusing to send event net.neoforged.neoforge.client.event.RegisterRenderBuffersEvent to a broken mod state
[259月2026 16:24:45.749] [Render thread/ERROR] [net.neoforged.fml.ModLoader/]: Cowardly refusing to send event net.neoforged.neoforge.client.event.RegisterParticleProvidersEvent to a broken mod state
[259月2026 16:24:45.793] [Render thread/INFO] [Iris/]: Hardware information:
[259月2026 16:24:45.795] [Render thread/INFO] [Iris/]: CPU: 16x Intel(R) Core(TM) i9-9900K CPU @ 3.60GHz
[259月2026 16:24:45.795] [Render thread/INFO] [Iris/]: GPU: Radeon Pro 580X (Supports OpenGL 4.6.14761 Core Profile Forward-Compatible Context FireGL 21.30.45.22 30.0.13045.22003)
[259月2026 16:24:45.795] [Render thread/INFO] [Iris/]: OS: Windows 10 (10.0)
[259月2026 16:24:46.062] [Render thread/ERROR] [net.neoforged.fml.ModLoader/]: Cowardly refusing to send event net.neoforged.neoforge.client.event.RenderLevelStageEvent$RegisterStageEvent to a broken mod state
[259月2026 16:24:46.263] [Render thread/INFO] [CustomSkinLoader Bootstrap/]: Transformed net/minecraft/client/gui/components/PlayerTabOverlay with [customskinloader:render-patch]
[259月2026 16:24:46.263] [Render thread/INFO] [CustomSkinLoader Bootstrap/]: Transformed ModLauncher target net/minecraft/client/gui/components/PlayerTabOverlay with [customskinloader:render-patch]
[259月2026 16:24:46.391] [Render thread/ERROR] [net.neoforged.fml.ModLoader/]: Cowardly refusing to send event net.neoforged.neoforge.client.extensions.common.RegisterClientExtensionsEvent to a broken mod state
[259月2026 16:24:46.394] [Render thread/ERROR] [net.neoforged.fml.ModLoader/]: Cowardly refusing to send event net.neoforged.neoforge.client.event.RegisterSpriteSourceTypesEvent to a broken mod state
[259月2026 16:24:46.471] [Render thread/ERROR] [net.neoforged.fml.ModLoader/]: Cowardly refusing to send event net.neoforged.neoforge.client.event.RegisterMenuScreensEvent to a broken mod state
[259月2026 16:24:46.472] [Render thread/ERROR] [net.neoforged.fml.ModLoader/]: Cowardly refusing to send event net.neoforged.neoforge.client.event.RegisterClientReloadListenersEvent to a broken mod state
[259月2026 16:24:46.472] [Render thread/ERROR] [net.neoforged.fml.ModLoader/]: Cowardly refusing to send event net.neoforged.neoforge.client.event.EntityRenderersEvent$RegisterLayerDefinitions to a broken mod state
[259月2026 16:24:46.472] [Render thread/ERROR] [net.neoforged.fml.ModLoader/]: Cowardly refusing to send event net.neoforged.neoforge.client.event.EntityRenderersEvent$RegisterRenderers to a broken mod state
[259月2026 16:24:46.473] [Render thread/ERROR] [net.neoforged.fml.ModLoader/]: Cowardly refusing to send event net.neoforged.neoforge.client.event.RegisterClientTooltipComponentFactoriesEvent to a broken mod state
[259月2026 16:24:46.474] [Render thread/ERROR] [net.neoforged.fml.ModLoader/]: Cowardly refusing to send event net.neoforged.neoforge.client.event.RegisterEntitySpectatorShadersEvent to a broken mod state
[259月2026 16:24:46.475] [Render thread/ERROR] [net.neoforged.fml.ModLoader/]: Cowardly refusing to send event net.neoforged.neoforge.client.event.RegisterKeyMappingsEvent to a broken mod state
[259月2026 16:24:46.481] [Render thread/ERROR] [net.neoforged.fml.ModLoader/]: Cowardly refusing to send event net.neoforged.neoforge.client.event.RegisterRecipeBookCategoriesEvent to a broken mod state
[259月2026 16:24:46.481] [Render thread/ERROR] [net.neoforged.fml.ModLoader/]: Cowardly refusing to send event net.neoforged.neoforge.client.event.RegisterGuiLayersEvent to a broken mod state
[259月2026 16:24:46.493] [Render thread/ERROR] [net.neoforged.fml.ModLoader/]: Cowardly refusing to send event net.neoforged.neoforge.client.event.RegisterDimensionSpecialEffectsEvent to a broken mod state
[259月2026 16:24:46.495] [Render thread/ERROR] [net.neoforged.fml.ModLoader/]: Cowardly refusing to send event net.neoforged.neoforge.client.event.RegisterNamedRenderTypesEvent to a broken mod state
[259月2026 16:24:46.497] [Render thread/ERROR] [net.neoforged.fml.ModLoader/]: Cowardly refusing to send event net.neoforged.neoforge.client.event.RegisterColorHandlersEvent$ColorResolvers to a broken mod state
[259月2026 16:24:46.499] [Render thread/ERROR] [net.neoforged.fml.ModLoader/]: Cowardly refusing to send event net.neoforged.neoforge.client.event.RegisterItemDecorationsEvent to a broken mod state
[259月2026 16:24:46.526] [Render thread/ERROR] [net.neoforged.fml.ModLoader/]: Cowardly refusing to send event net.neoforged.neoforge.client.event.RegisterPresetEditorsEvent to a broken mod state
[259月2026 16:24:46.528] [Render thread/ERROR] [net.neoforged.fml.ModLoader/]: Cowardly refusing to send event net.neoforged.neoforge.client.gui.map.RegisterMapDecorationRenderersEvent to a broken mod state
[259月2026 16:24:46.530] [Render thread/ERROR] [net.neoforged.fml.ModLoader/]: Cowardly refusing to send event net.neoforged.neoforge.client.event.RegisterDimensionTransitionScreenEvent to a broken mod state
[259月2026 16:24:46.597] [Render thread/ERROR] [net.neoforged.fml.ModLoader/]: Cowardly refusing to send event net.neoforged.neoforge.client.event.RegisterJsonAnimationTypesEvent to a broken mod state
[259月2026 16:24:46.639] [Render thread/INFO] [CustomSkinLoader Bootstrap/]: Transformed net/minecraft/server/packs/resources/Resource with [customskinloader:interface-patch]
[259月2026 16:24:46.639] [Render thread/INFO] [CustomSkinLoader Bootstrap/]: Transformed ModLauncher target net/minecraft/server/packs/resources/Resource with [customskinloader:interface-patch]
[259月2026 16:24:46.775] [Render thread/INFO] [ModernUI-MC/TextLayout]: Preloaded modern text shaders
[259月2026 16:24:47.114] [Render thread/INFO] [net.minecraft.server.packs.resources.ReloadableResourceManager/]: Reloading ResourceManager: vanilla, replaymod_lang
[259月2026 16:24:47.181] [Render thread/ERROR] [net.neoforged.fml.ModLoader/]: Cowardly refusing to send event net.neoforged.neoforge.client.event.ModelEvent$RegisterGeometryLoaders to a broken mod state
[259月2026 16:24:47.190] [Worker-ResourceReload-10/INFO] [ModernUI-MC/Glyph]: Scanned emoji map size: 0
[259月2026 16:24:47.191] [Worker-ResourceReload-10/INFO] [ModernUI-MC/Glyph]: No Emoji font was found
[259月2026 16:24:47.323] [Worker-ResourceReload-11/INFO] [CustomSkinLoader Bootstrap/]: Transformed net/minecraft/server/packs/resources/Resource with [customskinloader:interface-patch]
[259月2026 16:24:47.323] [Worker-ResourceReload-11/INFO] [CustomSkinLoader Bootstrap/]: Transformed ModLauncher target net/minecraft/server/packs/resources/Resource with [customskinloader:interface-patch]
[259月2026 16:24:47.547] [Worker-ResourceReload-12/ERROR] [ModernFix/]: Using vanilla stitcher implementation due to invalid loading state
[259月2026 16:24:47.659] [Worker-ResourceReload-6/ERROR] [ModernFix/]: Using vanilla stitcher implementation due to invalid loading state
[259月2026 16:24:47.659] [Worker-ResourceReload-12/ERROR] [ModernFix/]: Using vanilla stitcher implementation due to invalid loading state
[259月2026 16:24:47.664] [Worker-ResourceReload-7/ERROR] [ModernFix/]: Using vanilla stitcher implementation due to invalid loading state
[259月2026 16:24:47.719] [Worker-ResourceReload-0/ERROR] [ModernFix/]: Using vanilla stitcher implementation due to invalid loading state
[259月2026 16:24:47.719] [Worker-ResourceReload-13/ERROR] [ModernFix/]: Using vanilla stitcher implementation due to invalid loading state
[259月2026 16:24:47.722] [Worker-ResourceReload-14/ERROR] [ModernFix/]: Using vanilla stitcher implementation due to invalid loading state
[259月2026 16:24:47.739] [Worker-ResourceReload-3/ERROR] [ModernFix/]: Using vanilla stitcher implementation due to invalid loading state
[259月2026 16:24:47.778] [Version Check Thread/INFO] [STDERR/]: [java.lang.Throwable:printStackTrace:651]: java.net.SocketTimeoutException: Connect timed out
[259月2026 16:24:47.780] [Version Check Thread/INFO] [STDERR/]: [java.lang.Throwable:printStackTrace:651]: 	at java.base/sun.nio.ch.NioSocketImpl.timedFinishConnect(NioSocketImpl.java:546)
[259月2026 16:24:47.781] [Version Check Thread/INFO] [STDERR/]: [java.lang.Throwable:printStackTrace:651]: 	at java.base/sun.nio.ch.NioSocketImpl.connect(NioSocketImpl.java:592)
[259月2026 16:24:47.782] [Version Check Thread/INFO] [STDERR/]: [java.lang.Throwable:printStackTrace:651]: 	at java.base/java.net.SocksSocketImpl.connect(SocksSocketImpl.java:327)
[259月2026 16:24:47.783] [Version Check Thread/INFO] [STDERR/]: [java.lang.Throwable:printStackTrace:651]: 	at java.base/java.net.Socket.connect(Socket.java:751)
[259月2026 16:24:47.783] [Worker-ResourceReload-1/ERROR] [ModernFix/]: Using vanilla stitcher implementation due to invalid loading state
[259月2026 16:24:47.784] [Version Check Thread/INFO] [STDERR/]: [java.lang.Throwable:printStackTrace:651]: 	at java.base/sun.security.ssl.SSLSocketImpl.connect(SSLSocketImpl.java:304)
[259月2026 16:24:47.785] [Worker-ResourceReload-4/ERROR] [ModernFix/]: Using vanilla stitcher implementation due to invalid loading state
[259月2026 16:24:47.786] [Version Check Thread/INFO] [STDERR/]: [java.lang.Throwable:printStackTrace:651]: 	at java.base/sun.net.NetworkClient.doConnect(NetworkClient.java:178)
[259月2026 16:24:47.787] [Version Check Thread/INFO] [STDERR/]: [java.lang.Throwable:printStackTrace:651]: 	at java.base/sun.net.www.http.HttpClient.openServer(HttpClient.java:531)
[259月2026 16:24:47.789] [Version Check Thread/INFO] [STDERR/]: [java.lang.Throwable:printStackTrace:651]: 	at java.base/sun.net.www.http.HttpClient.openServer(HttpClient.java:636)
[259月2026 16:24:47.789] [Version Check Thread/INFO] [STDERR/]: [java.lang.Throwable:printStackTrace:651]: 	at java.base/sun.net.www.protocol.https.HttpsClient.<init>(HttpsClient.java:264)
[259月2026 16:24:47.790] [Version Check Thread/INFO] [STDERR/]: [java.lang.Throwable:printStackTrace:651]: 	at java.base/sun.net.www.protocol.https.HttpsClient.New(HttpsClient.java:377)
[259月2026 16:24:47.791] [Version Check Thread/INFO] [STDERR/]: [java.lang.Throwable:printStackTrace:651]: 	at java.base/sun.net.www.protocol.https.AbstractDelegateHttpsURLConnection.getNewHttpClient(AbstractDelegateHttpsURLConnection.java:193)
[259月2026 16:24:47.792] [Version Check Thread/INFO] [STDERR/]: [java.lang.Throwable:printStackTrace:651]: 	at java.base/sun.net.www.protocol.http.HttpURLConnection.plainConnect0(HttpURLConnection.java:1253)
[259月2026 16:24:47.793] [Version Check Thread/INFO] [STDERR/]: [java.lang.Throwable:printStackTrace:651]: 	at java.base/sun.net.www.protocol.http.HttpURLConnection.plainConnect(HttpURLConnection.java:1139)
[259月2026 16:24:47.794] [Version Check Thread/INFO] [STDERR/]: [java.lang.Throwable:printStackTrace:651]: 	at java.base/sun.net.www.protocol.https.AbstractDelegateHttpsURLConnection.connect(AbstractDelegateHttpsURLConnection.java:179)
[259月2026 16:24:47.794] [Version Check Thread/INFO] [STDERR/]: [java.lang.Throwable:printStackTrace:651]: 	at java.base/sun.net.www.protocol.http.HttpURLConnection.getInputStream0(HttpURLConnection.java:1691)
[259月2026 16:24:47.795] [Version Check Thread/INFO] [STDERR/]: [java.lang.Throwable:printStackTrace:651]: 	at java.base/sun.net.www.protocol.http.HttpURLConnection.getInputStream(HttpURLConnection.java:1615)
[259月2026 16:24:47.796] [Version Check Thread/INFO] [STDERR/]: [java.lang.Throwable:printStackTrace:651]: 	at java.base/sun.net.www.protocol.https.HttpsURLConnectionImpl.getInputStream(HttpsURLConnectionImpl.java:223)
[259月2026 16:24:47.797] [Version Check Thread/INFO] [STDERR/]: [java.lang.Throwable:printStackTrace:651]: 	at TRANSFORMER/physicsmod@3.0.34/net.diebuddies.physics.StarterClient.getText(StarterClient.java:370)
[259月2026 16:24:47.798] [Version Check Thread/INFO] [STDERR/]: [java.lang.Throwable:printStackTrace:651]: 	at TRANSFORMER/physicsmod@3.0.34/net.diebuddies.physics.StarterClient.lambda$onInitializeClient$0(StarterClient.java:158)
[259月2026 16:24:47.798] [Version Check Thread/INFO] [STDERR/]: [java.lang.Throwable:printStackTrace:651]: 	at java.base/java.lang.Thread.run(Thread.java:1583)
[259月2026 16:24:47.816] [Render thread/WARN] [net.minecraft.client.renderer.texture.TextureManager/]: Failed to load texture: physicsmod:textures/gui/parallax/blocks/background.png
java.io.FileNotFoundException: physicsmod:textures/gui/parallax/blocks/background.png
	at TRANSFORMER/minecraft@1.21.1/net.minecraft.server.packs.resources.ResourceProvider.lambda$getResourceOrThrow$1(ResourceProvider.java:23) ~[client-1.21.1-20240808.144430-srg.jar%23247!/:?]
	at java.base/java.util.Optional.orElseThrow(Optional.java:403) ~[?:?]
	at TRANSFORMER/minecraft@1.21.1/net.minecraft.server.packs.resources.ResourceProvider.getResourceOrThrow(ResourceProvider.java:23) ~[client-1.21.1-20240808.144430-srg.jar%23247!/:?]
	at TRANSFORMER/minecraft@1.21.1/net.minecraft.client.renderer.texture.SimpleTexture$TextureImage.load(SimpleTexture.java:83) ~[client-1.21.1-20240808.144430-srg.jar%23247!/:?]
	at TRANSFORMER/minecraft@1.21.1/net.minecraft.client.renderer.texture.PreloadedTexture.lambda$new$0(PreloadedTexture.java:18) ~[client-1.21.1-20240808.144430-srg.jar%23247!/:?]
	at java.base/java.util.concurrent.CompletableFuture$AsyncSupply.run(CompletableFuture.java:1768) ~[?:?]
	at java.base/java.util.concurrent.CompletableFuture$AsyncSupply.exec(CompletableFuture.java:1760) ~[?:?]
	at java.base/java.util.concurrent.ForkJoinTask.doExec(ForkJoinTask.java:387) ~[?:?]
	at java.base/java.util.concurrent.ForkJoinPool$WorkQueue.topLevelExec(ForkJoinPool.java:1310) ~[?:?]
	at java.base/java.util.concurrent.ForkJoinPool.scan(ForkJoinPool.java:1841) ~[?:?]
	at java.base/java.util.concurrent.ForkJoinPool.runWorker(ForkJoinPool.java:1806) ~[?:?]
	at java.base/java.util.concurrent.ForkJoinWorkerThread.run(ForkJoinWorkerThread.java:188) ~[?:?]
[259月2026 16:24:47.820] [Render thread/WARN] [net.minecraft.client.renderer.texture.TextureManager/]: Failed to load texture: physicsmod:textures/gui/parallax/blocks/clouds.png
java.io.FileNotFoundException: physicsmod:textures/gui/parallax/blocks/clouds.png
	at TRANSFORMER/minecraft@1.21.1/net.minecraft.server.packs.resources.ResourceProvider.lambda$getResourceOrThrow$1(ResourceProvider.java:23) ~[client-1.21.1-20240808.144430-srg.jar%23247!/:?]
	at java.base/java.util.Optional.orElseThrow(Optional.java:403) ~[?:?]
	at TRANSFORMER/minecraft@1.21.1/net.minecraft.server.packs.resources.ResourceProvider.getResourceOrThrow(ResourceProvider.java:23) ~[client-1.21.1-20240808.144430-srg.jar%23247!/:?]
	at TRANSFORMER/minecraft@1.21.1/net.minecraft.client.renderer.texture.SimpleTexture$TextureImage.load(SimpleTexture.java:83) ~[client-1.21.1-20240808.144430-srg.jar%23247!/:?]
	at TRANSFORMER/minecraft@1.21.1/net.minecraft.client.renderer.texture.PreloadedTexture.lambda$new$0(PreloadedTexture.java:18) ~[client-1.21.1-20240808.144430-srg.jar%23247!/:?]
	at java.base/java.util.concurrent.CompletableFuture$AsyncSupply.run(CompletableFuture.java:1768) ~[?:?]
	at java.base/java.util.concurrent.CompletableFuture$AsyncSupply.exec(CompletableFuture.java:1760) ~[?:?]
	at java.base/java.util.concurrent.ForkJoinTask.doExec(ForkJoinTask.java:387) ~[?:?]
	at java.base/java.util.concurrent.ForkJoinPool$WorkQueue.topLevelExec(ForkJoinPool.java:1310) ~[?:?]
	at java.base/java.util.concurrent.ForkJoinPool.scan(ForkJoinPool.java:1841) ~[?:?]
	at java.base/java.util.concurrent.ForkJoinPool.runWorker(ForkJoinPool.java:1806) ~[?:?]
	at java.base/java.util.concurrent.ForkJoinWorkerThread.run(ForkJoinWorkerThread.java:188) ~[?:?]
[259月2026 16:24:47.823] [Render thread/WARN] [net.minecraft.client.renderer.texture.TextureManager/]: Failed to load texture: physicsmod:textures/gui/parallax/blocks/rubble.png
java.io.FileNotFoundException: physicsmod:textures/gui/parallax/blocks/rubble.png
	at TRANSFORMER/minecraft@1.21.1/net.minecraft.server.packs.resources.ResourceProvider.lambda$getResourceOrThrow$1(ResourceProvider.java:23) ~[client-1.21.1-20240808.144430-srg.jar%23247!/:?]
	at java.base/java.util.Optional.orElseThrow(Optional.java:403) ~[?:?]
	at TRANSFORMER/minecraft@1.21.1/net.minecraft.server.packs.resources.ResourceProvider.getResourceOrThrow(ResourceProvider.java:23) ~[client-1.21.1-20240808.144430-srg.jar%23247!/:?]
	at TRANSFORMER/minecraft@1.21.1/net.minecraft.client.renderer.texture.SimpleTexture$TextureImage.load(SimpleTexture.java:83) ~[client-1.21.1-20240808.144430-srg.jar%23247!/:?]
	at TRANSFORMER/minecraft@1.21.1/net.minecraft.client.renderer.texture.PreloadedTexture.lambda$new$0(PreloadedTexture.java:18) ~[client-1.21.1-20240808.144430-srg.jar%23247!/:?]
	at java.base/java.util.concurrent.CompletableFuture$AsyncSupply.run(CompletableFuture.java:1768) ~[?:?]
	at java.base/java.util.concurrent.CompletableFuture$AsyncSupply.exec(CompletableFuture.java:1760) ~[?:?]
	at java.base/java.util.concurrent.ForkJoinTask.doExec(ForkJoinTask.java:387) ~[?:?]
	at java.base/java.util.concurrent.ForkJoinPool$WorkQueue.topLevelExec(ForkJoinPool.java:1310) ~[?:?]
	at java.base/java.util.concurrent.ForkJoinPool.scan(ForkJoinPool.java:1841) ~[?:?]
	at java.base/java.util.concurrent.ForkJoinPool.runWorker(ForkJoinPool.java:1806) ~[?:?]
	at java.base/java.util.concurrent.ForkJoinWorkerThread.run(ForkJoinWorkerThread.java:188) ~[?:?]
[259月2026 16:24:47.826] [Render thread/WARN] [net.minecraft.client.renderer.texture.TextureManager/]: Failed to load texture: physicsmod:textures/gui/arrow.png
java.io.FileNotFoundException: physicsmod:textures/gui/arrow.png
	at TRANSFORMER/minecraft@1.21.1/net.minecraft.server.packs.resources.ResourceProvider.lambda$getResourceOrThrow$1(ResourceProvider.java:23) ~[client-1.21.1-20240808.144430-srg.jar%23247!/:?]
	at java.base/java.util.Optional.orElseThrow(Optional.java:403) ~[?:?]
	at TRANSFORMER/minecraft@1.21.1/net.minecraft.server.packs.resources.ResourceProvider.getResourceOrThrow(ResourceProvider.java:23) ~[client-1.21.1-20240808.144430-srg.jar%23247!/:?]
	at TRANSFORMER/minecraft@1.21.1/net.minecraft.client.renderer.texture.SimpleTexture$TextureImage.load(SimpleTexture.java:83) ~[client-1.21.1-20240808.144430-srg.jar%23247!/:?]
	at TRANSFORMER/minecraft@1.21.1/net.minecraft.client.renderer.texture.PreloadedTexture.lambda$new$0(PreloadedTexture.java:18) ~[client-1.21.1-20240808.144430-srg.jar%23247!/:?]
	at java.base/java.util.concurrent.CompletableFuture$AsyncSupply.run(CompletableFuture.java:1768) ~[?:?]
	at java.base/java.util.concurrent.CompletableFuture$AsyncSupply.exec(CompletableFuture.java:1760) ~[?:?]
	at java.base/java.util.concurrent.ForkJoinTask.doExec(ForkJoinTask.java:387) ~[?:?]
	at java.base/java.util.concurrent.ForkJoinPool$WorkQueue.topLevelExec(ForkJoinPool.java:1310) ~[?:?]
	at java.base/java.util.concurrent.ForkJoinPool.scan(ForkJoinPool.java:1841) ~[?:?]
	at java.base/java.util.concurrent.ForkJoinPool.runWorker(ForkJoinPool.java:1806) ~[?:?]
	at java.base/java.util.concurrent.ForkJoinWorkerThread.run(ForkJoinWorkerThread.java:188) ~[?:?]
[259月2026 16:24:47.829] [Render thread/WARN] [net.minecraft.client.renderer.texture.TextureManager/]: Failed to load texture: physicsmod:textures/gui/edit.png
java.io.FileNotFoundException: physicsmod:textures/gui/edit.png
	at TRANSFORMER/minecraft@1.21.1/net.minecraft.server.packs.resources.ResourceProvider.lambda$getResourceOrThrow$1(ResourceProvider.java:23) ~[client-1.21.1-20240808.144430-srg.jar%23247!/:?]
	at java.base/java.util.Optional.orElseThrow(Optional.java:403) ~[?:?]
	at TRANSFORMER/minecraft@1.21.1/net.minecraft.server.packs.resources.ResourceProvider.getResourceOrThrow(ResourceProvider.java:23) ~[client-1.21.1-20240808.144430-srg.jar%23247!/:?]
	at TRANSFORMER/minecraft@1.21.1/net.minecraft.client.renderer.texture.SimpleTexture$TextureImage.load(SimpleTexture.java:83) ~[client-1.21.1-20240808.144430-srg.jar%23247!/:?]
	at TRANSFORMER/minecraft@1.21.1/net.minecraft.client.renderer.texture.PreloadedTexture.lambda$new$0(PreloadedTexture.java:18) ~[client-1.21.1-20240808.144430-srg.jar%23247!/:?]
	at java.base/java.util.concurrent.CompletableFuture$AsyncSupply.run(CompletableFuture.java:1768) ~[?:?]
	at java.base/java.util.concurrent.CompletableFuture$AsyncSupply.exec(CompletableFuture.java:1760) ~[?:?]
	at java.base/java.util.concurrent.ForkJoinTask.doExec(ForkJoinTask.java:387) ~[?:?]
	at java.base/java.util.concurrent.ForkJoinPool$WorkQueue.topLevelExec(ForkJoinPool.java:1310) ~[?:?]
	at java.base/java.util.concurrent.ForkJoinPool.scan(ForkJoinPool.java:1841) ~[?:?]
	at java.base/java.util.concurrent.ForkJoinPool.runWorker(ForkJoinPool.java:1806) ~[?:?]
	at java.base/java.util.concurrent.ForkJoinWorkerThread.run(ForkJoinWorkerThread.java:188) ~[?:?]
[259月2026 16:24:47.831] [Render thread/WARN] [net.minecraft.client.renderer.texture.TextureManager/]: Failed to load texture: physicsmod:textures/gui/remove.png
java.io.FileNotFoundException: physicsmod:textures/gui/remove.png
	at TRANSFORMER/minecraft@1.21.1/net.minecraft.server.packs.resources.ResourceProvider.lambda$getResourceOrThrow$1(ResourceProvider.java:23) ~[client-1.21.1-20240808.144430-srg.jar%23247!/:?]
	at java.base/java.util.Optional.orElseThrow(Optional.java:403) ~[?:?]
	at TRANSFORMER/minecraft@1.21.1/net.minecraft.server.packs.resources.ResourceProvider.getResourceOrThrow(ResourceProvider.java:23) ~[client-1.21.1-20240808.144430-srg.jar%23247!/:?]
	at TRANSFORMER/minecraft@1.21.1/net.minecraft.client.renderer.texture.SimpleTexture$TextureImage.load(SimpleTexture.java:83) ~[client-1.21.1-20240808.144430-srg.jar%23247!/:?]
	at TRANSFORMER/minecraft@1.21.1/net.minecraft.client.renderer.texture.PreloadedTexture.lambda$new$0(PreloadedTexture.java:18) ~[client-1.21.1-20240808.144430-srg.jar%23247!/:?]
	at java.base/java.util.concurrent.CompletableFuture$AsyncSupply.run(CompletableFuture.java:1768) ~[?:?]
	at java.base/java.util.concurrent.CompletableFuture$AsyncSupply.exec(CompletableFuture.java:1760) ~[?:?]
	at java.base/java.util.concurrent.ForkJoinTask.doExec(ForkJoinTask.java:387) ~[?:?]
	at java.base/java.util.concurrent.ForkJoinPool$WorkQueue.topLevelExec(ForkJoinPool.java:1310) ~[?:?]
	at java.base/java.util.concurrent.ForkJoinPool.scan(ForkJoinPool.java:1841) ~[?:?]
	at java.base/java.util.concurrent.ForkJoinPool.runWorker(ForkJoinPool.java:1806) ~[?:?]
	at java.base/java.util.concurrent.ForkJoinWorkerThread.run(ForkJoinWorkerThread.java:188) ~[?:?]
[259月2026 16:24:47.836] [Render thread/WARN] [net.minecraft.client.renderer.texture.TextureManager/]: Failed to load texture: physicsmod:textures/gui/background.png
java.io.FileNotFoundException: physicsmod:textures/gui/background.png
	at TRANSFORMER/minecraft@1.21.1/net.minecraft.server.packs.resources.ResourceProvider.lambda$getResourceOrThrow$1(ResourceProvider.java:23) ~[client-1.21.1-20240808.144430-srg.jar%23247!/:?]
	at java.base/java.util.Optional.orElseThrow(Optional.java:403) ~[?:?]
	at TRANSFORMER/minecraft@1.21.1/net.minecraft.server.packs.resources.ResourceProvider.getResourceOrThrow(ResourceProvider.java:23) ~[client-1.21.1-20240808.144430-srg.jar%23247!/:?]
	at TRANSFORMER/minecraft@1.21.1/net.minecraft.client.renderer.texture.SimpleTexture$TextureImage.load(SimpleTexture.java:83) ~[client-1.21.1-20240808.144430-srg.jar%23247!/:?]
	at TRANSFORMER/minecraft@1.21.1/net.minecraft.client.renderer.texture.PreloadedTexture.lambda$new$0(PreloadedTexture.java:18) ~[client-1.21.1-20240808.144430-srg.jar%23247!/:?]
	at java.base/java.util.concurrent.CompletableFuture$AsyncSupply.run(CompletableFuture.java:1768) ~[?:?]
	at java.base/java.util.concurrent.CompletableFuture$AsyncSupply.exec(CompletableFuture.java:1760) ~[?:?]
	at java.base/java.util.concurrent.ForkJoinTask.doExec(ForkJoinTask.java:387) ~[?:?]
	at java.base/java.util.concurrent.ForkJoinPool$WorkQueue.topLevelExec(ForkJoinPool.java:1310) ~[?:?]
	at java.base/java.util.concurrent.ForkJoinPool.scan(ForkJoinPool.java:1841) ~[?:?]
	at java.base/java.util.concurrent.ForkJoinPool.runWorker(ForkJoinPool.java:1806) ~[?:?]
	at java.base/java.util.concurrent.ForkJoinWorkerThread.run(ForkJoinWorkerThread.java:188) ~[?:?]
[259月2026 16:24:47.839] [Render thread/WARN] [net.minecraft.client.renderer.texture.TextureManager/]: Failed to load texture: physicsmod:textures/fire/compact_flame_mask_atlas.png
java.io.FileNotFoundException: physicsmod:textures/fire/compact_flame_mask_atlas.png
	at TRANSFORMER/minecraft@1.21.1/net.minecraft.server.packs.resources.ResourceProvider.lambda$getResourceOrThrow$1(ResourceProvider.java:23) ~[client-1.21.1-20240808.144430-srg.jar%23247!/:?]
	at java.base/java.util.Optional.orElseThrow(Optional.java:403) ~[?:?]
	at TRANSFORMER/minecraft@1.21.1/net.minecraft.server.packs.resources.ResourceProvider.getResourceOrThrow(ResourceProvider.java:23) ~[client-1.21.1-20240808.144430-srg.jar%23247!/:?]
	at TRANSFORMER/minecraft@1.21.1/net.minecraft.client.renderer.texture.SimpleTexture$TextureImage.load(SimpleTexture.java:83) ~[client-1.21.1-20240808.144430-srg.jar%23247!/:?]
	at TRANSFORMER/minecraft@1.21.1/net.minecraft.client.renderer.texture.PreloadedTexture.lambda$new$0(PreloadedTexture.java:18) ~[client-1.21.1-20240808.144430-srg.jar%23247!/:?]
	at java.base/java.util.concurrent.CompletableFuture$AsyncSupply.run(CompletableFuture.java:1768) ~[?:?]
	at java.base/java.util.concurrent.CompletableFuture$AsyncSupply.exec(CompletableFuture.java:1760) ~[?:?]
	at java.base/java.util.concurrent.ForkJoinTask.doExec(ForkJoinTask.java:387) ~[?:?]
	at java.base/java.util.concurrent.ForkJoinPool$WorkQueue.topLevelExec(ForkJoinPool.java:1310) ~[?:?]
	at java.base/java.util.concurrent.ForkJoinPool.scan(ForkJoinPool.java:1841) ~[?:?]
	at java.base/java.util.concurrent.ForkJoinPool.runWorker(ForkJoinPool.java:1806) ~[?:?]
	at java.base/java.util.concurrent.ForkJoinWorkerThread.run(ForkJoinWorkerThread.java:188) ~[?:?]
[259月2026 16:24:47.841] [Render thread/WARN] [net.minecraft.client.renderer.texture.TextureManager/]: Failed to load texture: physicsmod:textures/fire/tall_flame_mask_atlas.png
java.io.FileNotFoundException: physicsmod:textures/fire/tall_flame_mask_atlas.png
	at TRANSFORMER/minecraft@1.21.1/net.minecraft.server.packs.resources.ResourceProvider.lambda$getResourceOrThrow$1(ResourceProvider.java:23) ~[client-1.21.1-20240808.144430-srg.jar%23247!/:?]
	at java.base/java.util.Optional.orElseThrow(Optional.java:403) ~[?:?]
	at TRANSFORMER/minecraft@1.21.1/net.minecraft.server.packs.resources.ResourceProvider.getResourceOrThrow(ResourceProvider.java:23) ~[client-1.21.1-20240808.144430-srg.jar%23247!/:?]
	at TRANSFORMER/minecraft@1.21.1/net.minecraft.client.renderer.texture.SimpleTexture$TextureImage.load(SimpleTexture.java:83) ~[client-1.21.1-20240808.144430-srg.jar%23247!/:?]
	at TRANSFORMER/minecraft@1.21.1/net.minecraft.client.renderer.texture.PreloadedTexture.lambda$new$0(PreloadedTexture.java:18) ~[client-1.21.1-20240808.144430-srg.jar%23247!/:?]
	at java.base/java.util.concurrent.CompletableFuture$AsyncSupply.run(CompletableFuture.java:1768) ~[?:?]
	at java.base/java.util.concurrent.CompletableFuture$AsyncSupply.exec(CompletableFuture.java:1760) ~[?:?]
	at java.base/java.util.concurrent.ForkJoinTask.doExec(ForkJoinTask.java:387) ~[?:?]
	at java.base/java.util.concurrent.ForkJoinPool$WorkQueue.topLevelExec(ForkJoinPool.java:1310) ~[?:?]
	at java.base/java.util.concurrent.ForkJoinPool.scan(ForkJoinPool.java:1841) ~[?:?]
	at java.base/java.util.concurrent.ForkJoinPool.runWorker(ForkJoinPool.java:1806) ~[?:?]
	at java.base/java.util.concurrent.ForkJoinWorkerThread.run(ForkJoinWorkerThread.java:188) ~[?:?]
[259月2026 16:24:47.844] [Render thread/WARN] [net.minecraft.client.renderer.texture.TextureManager/]: Failed to load texture: physicsmod:textures/fire/tall_flame_motion_atlas.png
java.io.FileNotFoundException: physicsmod:textures/fire/tall_flame_motion_atlas.png
	at TRANSFORMER/minecraft@1.21.1/net.minecraft.server.packs.resources.ResourceProvider.lambda$getResourceOrThrow$1(ResourceProvider.java:23) ~[client-1.21.1-20240808.144430-srg.jar%23247!/:?]
	at java.base/java.util.Optional.orElseThrow(Optional.java:403) ~[?:?]
	at TRANSFORMER/minecraft@1.21.1/net.minecraft.server.packs.resources.ResourceProvider.getResourceOrThrow(ResourceProvider.java:23) ~[client-1.21.1-20240808.144430-srg.jar%23247!/:?]
	at TRANSFORMER/minecraft@1.21.1/net.minecraft.client.renderer.texture.SimpleTexture$TextureImage.load(SimpleTexture.java:83) ~[client-1.21.1-20240808.144430-srg.jar%23247!/:?]
	at TRANSFORMER/minecraft@1.21.1/net.minecraft.client.renderer.texture.PreloadedTexture.lambda$new$0(PreloadedTexture.java:18) ~[client-1.21.1-20240808.144430-srg.jar%23247!/:?]
	at java.base/java.util.concurrent.CompletableFuture$AsyncSupply.run(CompletableFuture.java:1768) ~[?:?]
	at java.base/java.util.concurrent.CompletableFuture$AsyncSupply.exec(CompletableFuture.java:1760) ~[?:?]
	at java.base/java.util.concurrent.ForkJoinTask.doExec(ForkJoinTask.java:387) ~[?:?]
	at java.base/java.util.concurrent.ForkJoinPool$WorkQueue.topLevelExec(ForkJoinPool.java:1310) ~[?:?]
	at java.base/java.util.concurrent.ForkJoinPool.scan(ForkJoinPool.java:1841) ~[?:?]
	at java.base/java.util.concurrent.ForkJoinPool.runWorker(ForkJoinPool.java:1806) ~[?:?]
	at java.base/java.util.concurrent.ForkJoinWorkerThread.run(ForkJoinWorkerThread.java:188) ~[?:?]
[259月2026 16:24:47.846] [Render thread/WARN] [net.minecraft.client.renderer.texture.TextureManager/]: Failed to load texture: physicsmod:textures/fire/caustic_flow_noise.png
java.io.FileNotFoundException: physicsmod:textures/fire/caustic_flow_noise.png
	at TRANSFORMER/minecraft@1.21.1/net.minecraft.server.packs.resources.ResourceProvider.lambda$getResourceOrThrow$1(ResourceProvider.java:23) ~[client-1.21.1-20240808.144430-srg.jar%23247!/:?]
	at java.base/java.util.Optional.orElseThrow(Optional.java:403) ~[?:?]
	at TRANSFORMER/minecraft@1.21.1/net.minecraft.server.packs.resources.ResourceProvider.getResourceOrThrow(ResourceProvider.java:23) ~[client-1.21.1-20240808.144430-srg.jar%23247!/:?]
	at TRANSFORMER/minecraft@1.21.1/net.minecraft.client.renderer.texture.SimpleTexture$TextureImage.load(SimpleTexture.java:83) ~[client-1.21.1-20240808.144430-srg.jar%23247!/:?]
	at TRANSFORMER/minecraft@1.21.1/net.minecraft.client.renderer.texture.PreloadedTexture.lambda$new$0(PreloadedTexture.java:18) ~[client-1.21.1-20240808.144430-srg.jar%23247!/:?]
	at java.base/java.util.concurrent.CompletableFuture$AsyncSupply.run(CompletableFuture.java:1768) ~[?:?]
	at java.base/java.util.concurrent.CompletableFuture$AsyncSupply.exec(CompletableFuture.java:1760) ~[?:?]
	at java.base/java.util.concurrent.ForkJoinTask.doExec(ForkJoinTask.java:387) ~[?:?]
	at java.base/java.util.concurrent.ForkJoinPool$WorkQueue.topLevelExec(ForkJoinPool.java:1310) ~[?:?]
	at java.base/java.util.concurrent.ForkJoinPool.scan(ForkJoinPool.java:1841) ~[?:?]
	at java.base/java.util.concurrent.ForkJoinPool.runWorker(ForkJoinPool.java:1806) ~[?:?]
	at java.base/java.util.concurrent.ForkJoinWorkerThread.run(ForkJoinWorkerThread.java:188) ~[?:?]
[259月2026 16:24:47.848] [Render thread/WARN] [net.minecraft.client.renderer.texture.TextureManager/]: Failed to load texture: physicsmod:textures/fire/flow_distortion_normal.png
java.io.FileNotFoundException: physicsmod:textures/fire/flow_distortion_normal.png
	at TRANSFORMER/minecraft@1.21.1/net.minecraft.server.packs.resources.ResourceProvider.lambda$getResourceOrThrow$1(ResourceProvider.java:23) ~[client-1.21.1-20240808.144430-srg.jar%23247!/:?]
	at java.base/java.util.Optional.orElseThrow(Optional.java:403) ~[?:?]
	at TRANSFORMER/minecraft@1.21.1/net.minecraft.server.packs.resources.ResourceProvider.getResourceOrThrow(ResourceProvider.java:23) ~[client-1.21.1-20240808.144430-srg.jar%23247!/:?]
	at TRANSFORMER/minecraft@1.21.1/net.minecraft.client.renderer.texture.SimpleTexture$TextureImage.load(SimpleTexture.java:83) ~[client-1.21.1-20240808.144430-srg.jar%23247!/:?]
	at TRANSFORMER/minecraft@1.21.1/net.minecraft.client.renderer.texture.PreloadedTexture.lambda$new$0(PreloadedTexture.java:18) ~[client-1.21.1-20240808.144430-srg.jar%23247!/:?]
	at java.base/java.util.concurrent.CompletableFuture$AsyncSupply.run(CompletableFuture.java:1768) ~[?:?]
	at java.base/java.util.concurrent.CompletableFuture$AsyncSupply.exec(CompletableFuture.java:1760) ~[?:?]
	at java.base/java.util.concurrent.ForkJoinTask.doExec(ForkJoinTask.java:387) ~[?:?]
	at java.base/java.util.concurrent.ForkJoinPool$WorkQueue.topLevelExec(ForkJoinPool.java:1310) ~[?:?]
	at java.base/java.util.concurrent.ForkJoinPool.scan(ForkJoinPool.java:1841) ~[?:?]
	at java.base/java.util.concurrent.ForkJoinPool.runWorker(ForkJoinPool.java:1806) ~[?:?]
	at java.base/java.util.concurrent.ForkJoinWorkerThread.run(ForkJoinWorkerThread.java:188) ~[?:?]
[259月2026 16:24:47.851] [Render thread/WARN] [net.minecraft.client.renderer.texture.TextureManager/]: Failed to load texture: physicsmod:textures/fire/high_pass_cellular_noise.png
java.io.FileNotFoundException: physicsmod:textures/fire/high_pass_cellular_noise.png
	at TRANSFORMER/minecraft@1.21.1/net.minecraft.server.packs.resources.ResourceProvider.lambda$getResourceOrThrow$1(ResourceProvider.java:23) ~[client-1.21.1-20240808.144430-srg.jar%23247!/:?]
	at java.base/java.util.Optional.orElseThrow(Optional.java:403) ~[?:?]
	at TRANSFORMER/minecraft@1.21.1/net.minecraft.server.packs.resources.ResourceProvider.getResourceOrThrow(ResourceProvider.java:23) ~[client-1.21.1-20240808.144430-srg.jar%23247!/:?]
	at TRANSFORMER/minecraft@1.21.1/net.minecraft.client.renderer.texture.SimpleTexture$TextureImage.load(SimpleTexture.java:83) ~[client-1.21.1-20240808.144430-srg.jar%23247!/:?]
	at TRANSFORMER/minecraft@1.21.1/net.minecraft.client.renderer.texture.PreloadedTexture.lambda$new$0(PreloadedTexture.java:18) ~[client-1.21.1-20240808.144430-srg.jar%23247!/:?]
	at java.base/java.util.concurrent.CompletableFuture$AsyncSupply.run(CompletableFuture.java:1768) ~[?:?]
	at java.base/java.util.concurrent.CompletableFuture$AsyncSupply.exec(CompletableFuture.java:1760) ~[?:?]
	at java.base/java.util.concurrent.ForkJoinTask.doExec(ForkJoinTask.java:387) ~[?:?]
	at java.base/java.util.concurrent.ForkJoinPool$WorkQueue.topLevelExec(ForkJoinPool.java:1310) ~[?:?]
	at java.base/java.util.concurrent.ForkJoinPool.scan(ForkJoinPool.java:1841) ~[?:?]
	at java.base/java.util.concurrent.ForkJoinPool.runWorker(ForkJoinPool.java:1806) ~[?:?]
	at java.base/java.util.concurrent.ForkJoinWorkerThread.run(ForkJoinWorkerThread.java:188) ~[?:?]
[259月2026 16:24:47.853] [Render thread/WARN] [net.minecraft.client.renderer.texture.TextureManager/]: Failed to load texture: physicsmod:textures/fire/fire_color_gradient.png
java.io.FileNotFoundException: physicsmod:textures/fire/fire_color_gradient.png
	at TRANSFORMER/minecraft@1.21.1/net.minecraft.server.packs.resources.ResourceProvider.lambda$getResourceOrThrow$1(ResourceProvider.java:23) ~[client-1.21.1-20240808.144430-srg.jar%23247!/:?]
	at java.base/java.util.Optional.orElseThrow(Optional.java:403) ~[?:?]
	at TRANSFORMER/minecraft@1.21.1/net.minecraft.server.packs.resources.ResourceProvider.getResourceOrThrow(ResourceProvider.java:23) ~[client-1.21.1-20240808.144430-srg.jar%23247!/:?]
	at TRANSFORMER/minecraft@1.21.1/net.minecraft.client.renderer.texture.SimpleTexture$TextureImage.load(SimpleTexture.java:83) ~[client-1.21.1-20240808.144430-srg.jar%23247!/:?]
	at TRANSFORMER/minecraft@1.21.1/net.minecraft.client.renderer.texture.PreloadedTexture.lambda$new$0(PreloadedTexture.java:18) ~[client-1.21.1-20240808.144430-srg.jar%23247!/:?]
	at java.base/java.util.concurrent.CompletableFuture$AsyncSupply.run(CompletableFuture.java:1768) ~[?:?]
	at java.base/java.util.concurrent.CompletableFuture$AsyncSupply.exec(CompletableFuture.java:1760) ~[?:?]
	at java.base/java.util.concurrent.ForkJoinTask.doExec(ForkJoinTask.java:387) ~[?:?]
	at java.base/java.util.concurrent.ForkJoinPool$WorkQueue.topLevelExec(ForkJoinPool.java:1310) ~[?:?]
	at java.base/java.util.concurrent.ForkJoinPool.scan(ForkJoinPool.java:1841) ~[?:?]
	at java.base/java.util.concurrent.ForkJoinPool.runWorker(ForkJoinPool.java:1806) ~[?:?]
	at java.base/java.util.concurrent.ForkJoinWorkerThread.run(ForkJoinWorkerThread.java:188) ~[?:?]
[259月2026 16:24:47.855] [Render thread/WARN] [net.minecraft.client.renderer.texture.TextureManager/]: Failed to load texture: physicsmod:textures/fire/soft_ember_mask.png
java.io.FileNotFoundException: physicsmod:textures/fire/soft_ember_mask.png
	at TRANSFORMER/minecraft@1.21.1/net.minecraft.server.packs.resources.ResourceProvider.lambda$getResourceOrThrow$1(ResourceProvider.java:23) ~[client-1.21.1-20240808.144430-srg.jar%23247!/:?]
	at java.base/java.util.Optional.orElseThrow(Optional.java:403) ~[?:?]
	at TRANSFORMER/minecraft@1.21.1/net.minecraft.server.packs.resources.ResourceProvider.getResourceOrThrow(ResourceProvider.java:23) ~[client-1.21.1-20240808.144430-srg.jar%23247!/:?]
	at TRANSFORMER/minecraft@1.21.1/net.minecraft.client.renderer.texture.SimpleTexture$TextureImage.load(SimpleTexture.java:83) ~[client-1.21.1-20240808.144430-srg.jar%23247!/:?]
	at TRANSFORMER/minecraft@1.21.1/net.minecraft.client.renderer.texture.PreloadedTexture.lambda$new$0(PreloadedTexture.java:18) ~[client-1.21.1-20240808.144430-srg.jar%23247!/:?]
	at java.base/java.util.concurrent.CompletableFuture$AsyncSupply.run(CompletableFuture.java:1768) ~[?:?]
	at java.base/java.util.concurrent.CompletableFuture$AsyncSupply.exec(CompletableFuture.java:1760) ~[?:?]
	at java.base/java.util.concurrent.ForkJoinTask.doExec(ForkJoinTask.java:387) ~[?:?]
	at java.base/java.util.concurrent.ForkJoinPool$WorkQueue.topLevelExec(ForkJoinPool.java:1310) ~[?:?]
	at java.base/java.util.concurrent.ForkJoinPool.scan(ForkJoinPool.java:1841) ~[?:?]
	at java.base/java.util.concurrent.ForkJoinPool.runWorker(ForkJoinPool.java:1806) ~[?:?]
	at java.base/java.util.concurrent.ForkJoinWorkerThread.run(ForkJoinWorkerThread.java:188) ~[?:?]
[259月2026 16:24:47.857] [Render thread/WARN] [net.minecraft.client.renderer.texture.TextureManager/]: Failed to load texture: physicsmod:textures/fire/compact_flame_motion_atlas.png
java.io.FileNotFoundException: physicsmod:textures/fire/compact_flame_motion_atlas.png
	at TRANSFORMER/minecraft@1.21.1/net.minecraft.server.packs.resources.ResourceProvider.lambda$getResourceOrThrow$1(ResourceProvider.java:23) ~[client-1.21.1-20240808.144430-srg.jar%23247!/:?]
	at java.base/java.util.Optional.orElseThrow(Optional.java:403) ~[?:?]
	at TRANSFORMER/minecraft@1.21.1/net.minecraft.server.packs.resources.ResourceProvider.getResourceOrThrow(ResourceProvider.java:23) ~[client-1.21.1-20240808.144430-srg.jar%23247!/:?]
	at TRANSFORMER/minecraft@1.21.1/net.minecraft.client.renderer.texture.SimpleTexture$TextureImage.load(SimpleTexture.java:83) ~[client-1.21.1-20240808.144430-srg.jar%23247!/:?]
	at TRANSFORMER/minecraft@1.21.1/net.minecraft.client.renderer.texture.PreloadedTexture.lambda$new$0(PreloadedTexture.java:18) ~[client-1.21.1-20240808.144430-srg.jar%23247!/:?]
	at java.base/java.util.concurrent.CompletableFuture$AsyncSupply.run(CompletableFuture.java:1768) ~[?:?]
	at java.base/java.util.concurrent.CompletableFuture$AsyncSupply.exec(CompletableFuture.java:1760) ~[?:?]
	at java.base/java.util.concurrent.ForkJoinTask.doExec(ForkJoinTask.java:387) ~[?:?]
	at java.base/java.util.concurrent.ForkJoinPool$WorkQueue.topLevelExec(ForkJoinPool.java:1310) ~[?:?]
	at java.base/java.util.concurrent.ForkJoinPool.scan(ForkJoinPool.java:1841) ~[?:?]
	at java.base/java.util.concurrent.ForkJoinPool.runWorker(ForkJoinPool.java:1806) ~[?:?]
	at java.base/java.util.concurrent.ForkJoinWorkerThread.run(ForkJoinWorkerThread.java:188) ~[?:?]
[259月2026 16:24:47.888] [Worker-ResourceReload-2/ERROR] [ModernFix/]: Using vanilla stitcher implementation due to invalid loading state
[259月2026 16:24:47.900] [Worker-ResourceReload-11/ERROR] [ModernFix/]: Using vanilla stitcher implementation due to invalid loading state
[259月2026 16:24:47.925] [Worker-ResourceReload-8/INFO] [ModernUI-MC/TextLayout]: Loaded raw font 'minecraft:alt' in pack: 'vanilla'
[259月2026 16:24:47.927] [Worker-ResourceReload-8/INFO] [ModernUI-MC/TextLayout]: Loaded raw font bundle: 'minecraft:font/alt.json', font set: [minecraft:include/space,minecraft:font/ascii_sga.png]
[259月2026 16:24:47.931] [Worker-ResourceReload-8/INFO] [ModernUI-MC/TextLayout]: Loaded raw font 'minecraft:default' in pack: 'vanilla'
[259月2026 16:24:47.932] [Worker-ResourceReload-8/INFO] [ModernUI-MC/TextLayout]: Loaded raw font bundle: 'minecraft:font/default.json', font set: [minecraft:include/space,minecraft:include/default]
[259月2026 16:24:47.936] [Worker-ResourceReload-8/INFO] [ModernUI-MC/TextLayout]: Loaded raw font 'minecraft:illageralt' in pack: 'vanilla'
[259月2026 16:24:47.937] [Worker-ResourceReload-8/INFO] [ModernUI-MC/TextLayout]: Loaded raw font bundle: 'minecraft:font/illageralt.json', font set: [minecraft:include/space,minecraft:font/asciillager.png]
[259月2026 16:24:48.032] [Worker-ResourceReload-8/INFO] [ModernUI-MC/TextLayout]: Loaded raw font 'minecraft:include/default' in pack: 'vanilla'
[259月2026 16:24:48.032] [Worker-ResourceReload-12/ERROR] [ModernFix/]: Using vanilla stitcher implementation due to invalid loading state
[259月2026 16:24:48.033] [Worker-ResourceReload-8/INFO] [ModernUI-MC/TextLayout]: Loaded raw font bundle: 'minecraft:font/include/default.json', font set: [minecraft:font/nonlatin_european.png,minecraft:font/accented.png,minecraft:font/ascii.png]
[259月2026 16:24:48.073] [Worker-ResourceReload-8/INFO] [ModernUI-MC/TextLayout]: Loaded raw font 'minecraft:include/space' in pack: 'vanilla'
[259月2026 16:24:48.074] [Worker-ResourceReload-8/INFO] [ModernUI-MC/TextLayout]: Loaded raw font bundle: 'minecraft:font/include/space.json', font set: [minecraft:include/space / minecraft:space]
[259月2026 16:24:48.088] [Worker-ResourceReload-8/INFO] [ModernUI-MC/TextLayout]: Loaded font: 'minecraft:include/space', font set: [minecraft:include/space / minecraft:space]
[259月2026 16:24:48.089] [Worker-ResourceReload-8/INFO] [ModernUI-MC/TextLayout]: Loaded font: 'minecraft:include/default', font set: [minecraft:font/nonlatin_european.png,minecraft:font/accented.png,minecraft:font/ascii.png]
[259月2026 16:24:48.090] [Worker-ResourceReload-8/INFO] [ModernUI-MC/TextLayout]: Loaded font: 'minecraft:default', font set: [minecraft:include/space / minecraft:space,minecraft:font/nonlatin_european.png,minecraft:font/accented.png,minecraft:font/ascii.png]
[259月2026 16:24:48.091] [Worker-ResourceReload-8/INFO] [ModernUI-MC/TextLayout]: Loaded font: 'minecraft:illageralt', font set: [minecraft:include/space / minecraft:space,minecraft:font/asciillager.png]
[259月2026 16:24:48.091] [Worker-ResourceReload-8/INFO] [ModernUI-MC/TextLayout]: Loaded font: 'minecraft:alt', font set: [minecraft:include/space / minecraft:space,minecraft:font/ascii_sga.png]
[259月2026 16:24:48.400] [Worker-ResourceReload-5/ERROR] [ModernFix/]: Using vanilla stitcher implementation due to invalid loading state
[259月2026 16:24:49.541] [Worker-ResourceReload-11/ERROR] [net.neoforged.fml.ModLoader/]: Cowardly refusing to send event net.neoforged.neoforge.client.event.ModelEvent$RegisterAdditional to a broken mod state
[259月2026 16:24:50.819] [Worker-ResourceReload-11/ERROR] [net.neoforged.fml.ModLoader/]: Cowardly refusing to send event net.neoforged.neoforge.client.event.ModelEvent$ModifyBakingResult to a broken mod state
[259月2026 16:24:51.092] [Render thread/WARN] [net.minecraft.client.sounds.SoundEngine/]: Missing sound for event: minecraft:entity.goat.screaming.horn_break
[259月2026 16:24:51.094] [Render thread/WARN] [net.minecraft.client.sounds.SoundEngine/]: Missing sound for event: minecraft:item.goat_horn.play
[259月2026 16:24:51.327] [Render thread/INFO] [com.mojang.blaze3d.audio.Library/]: OpenAL initialized on device OpenAL Soft on 扬声器 (2- Cirrus Logic CS8409 (AB 16))
[259月2026 16:24:51.333] [Render thread/INFO] [Sound Physics - General/]: Initializing Sound Physics
[259月2026 16:24:51.333] [Render thread/INFO] [Sound Physics - General/]: EFX Extension recognized
[259月2026 16:24:51.334] [Render thread/INFO] [Sound Physics - General/]: Max auxiliary sends: 4
[259月2026 16:24:51.344] [Render thread/INFO] [Sound Physics - General/]: Aux slot 1 created
[259月2026 16:24:51.344] [Render thread/INFO] [Sound Physics - General/]: Aux slot 2 created
[259月2026 16:24:51.345] [Render thread/INFO] [Sound Physics - General/]: Aux slot 3 created
[259月2026 16:24:51.345] [Render thread/INFO] [Sound Physics - General/]: Aux slot 4 created
[259月2026 16:24:51.347] [Render thread/INFO] [Sound Physics - Debug/]: directFilter0: 1
[259月2026 16:24:51.347] [Render thread/INFO] [Sound Physics - Debug/]: filter0: 2
[259月2026 16:24:51.347] [Render thread/INFO] [Sound Physics - Debug/]: filter1: 3
[259月2026 16:24:51.348] [Render thread/INFO] [Sound Physics - Debug/]: filter2: 4
[259月2026 16:24:51.348] [Render thread/INFO] [Sound Physics - Debug/]: filter3: 5
[259月2026 16:24:51.350] [Render thread/ERROR] [net.minecraft.client.sounds.SoundEngine/SOUNDS]: Error starting SoundSystem. Turning off sounds & music
java.lang.NullPointerException: Cannot read field "reverbGain" because "com.sonicether.soundphysics.SoundPhysicsMod.CONFIG" is null
	at TRANSFORMER/sound_physics_remastered@1.21.1-1.5.1/com.sonicether.soundphysics.config.ReverbParams.globalReverbMultiplier(ReverbParams.java:92) ~[sound-physics-remastered-neoforge-1.21.1-1.5.1.jar%23306!/:1.21.1-1.5.1]
	at TRANSFORMER/sound_physics_remastered@1.21.1-1.5.1/com.sonicether.soundphysics.config.ReverbParams.getReverb0(ReverbParams.java:24) ~[sound-physics-remastered-neoforge-1.21.1-1.5.1.jar%23306!/:1.21.1-1.5.1]
	at TRANSFORMER/sound_physics_remastered@1.21.1-1.5.1/com.sonicether.soundphysics.SoundPhysics.syncReverbParams(SoundPhysics.java:78) ~[sound-physics-remastered-neoforge-1.21.1-1.5.1.jar%23306!/:1.21.1-1.5.1]
	at TRANSFORMER/sound_physics_remastered@1.21.1-1.5.1/com.sonicether.soundphysics.SoundPhysics.setupEFX(SoundPhysics.java:152) ~[sound-physics-remastered-neoforge-1.21.1-1.5.1.jar%23306!/:1.21.1-1.5.1]
	at TRANSFORMER/sound_physics_remastered@1.21.1-1.5.1/com.sonicether.soundphysics.SoundPhysics.init(SoundPhysics.java:68) ~[sound-physics-remastered-neoforge-1.21.1-1.5.1.jar%23306!/:1.21.1-1.5.1]
	at TRANSFORMER/minecraft@1.21.1/net.minecraft.client.sounds.SoundEngine.handler$dcm000$soundphysics$loadLibrary(SoundEngine.java:1080) ~[client-1.21.1-20240808.144430-srg.jar%23247!/:?]
	at TRANSFORMER/minecraft@1.21.1/net.minecraft.client.sounds.SoundEngine.loadLibrary(SoundEngine.java:108) ~[client-1.21.1-20240808.144430-srg.jar%23247!/:?]
	at TRANSFORMER/minecraft@1.21.1/net.minecraft.client.sounds.SoundEngine.reload(SoundEngine.java:99) ~[client-1.21.1-20240808.144430-srg.jar%23247!/:?]
	at TRANSFORMER/minecraft@1.21.1/net.minecraft.client.sounds.SoundManager.apply(SoundManager.java:128) ~[client-1.21.1-20240808.144430-srg.jar%23247!/:?]
	at TRANSFORMER/minecraft@1.21.1/net.minecraft.client.sounds.SoundManager.apply(SoundManager.java:42) ~[client-1.21.1-20240808.144430-srg.jar%23247!/:?]
	at TRANSFORMER/minecraft@1.21.1/net.minecraft.server.packs.resources.SimplePreparableReloadListener.lambda$reload$1(SimplePreparableReloadListener.java:19) ~[client-1.21.1-20240808.144430-srg.jar%23247!/:?]
	at java.base/java.util.concurrent.CompletableFuture$UniAccept.tryFire(CompletableFuture.java:718) ~[?:?]
	at java.base/java.util.concurrent.CompletableFuture$Completion.run(CompletableFuture.java:482) ~[?:?]
	at TRANSFORMER/minecraft@1.21.1/net.minecraft.server.packs.resources.SimpleReloadInstance.lambda$new$3(SimpleReloadInstance.java:69) ~[client-1.21.1-20240808.144430-srg.jar%23247!/:?]
	at TRANSFORMER/minecraft@1.21.1/net.minecraft.util.thread.BlockableEventLoop.doRunTask(BlockableEventLoop.java:148) ~[client-1.21.1-20240808.144430-srg.jar%23247!/:?]
	at TRANSFORMER/minecraft@1.21.1/net.minecraft.util.thread.ReentrantBlockableEventLoop.doRunTask(ReentrantBlockableEventLoop.java:23) ~[client-1.21.1-20240808.144430-srg.jar%23247!/:?]
	at TRANSFORMER/minecraft@1.21.1/net.minecraft.util.thread.BlockableEventLoop.pollTask(BlockableEventLoop.java:122) ~[client-1.21.1-20240808.144430-srg.jar%23247!/:?]
	at TRANSFORMER/minecraft@1.21.1/net.minecraft.util.thread.BlockableEventLoop.runAllTasks(BlockableEventLoop.java:111) ~[client-1.21.1-20240808.144430-srg.jar%23247!/:?]
	at TRANSFORMER/minecraft@1.21.1/net.minecraft.client.Minecraft.runTick(Minecraft.java:1155) ~[client-1.21.1-20240808.144430-srg.jar%23247!/:?]
	at TRANSFORMER/minecraft@1.21.1/net.minecraft.client.Minecraft.run(Minecraft.java:807) ~[client-1.21.1-20240808.144430-srg.jar%23247!/:?]
	at TRANSFORMER/minecraft@1.21.1/net.minecraft.client.main.Main.main(Main.java:230) ~[client-1.21.1-20240808.144430-srg.jar%23247!/:?]
	at java.base/jdk.internal.reflect.DirectMethodHandleAccessor.invoke(DirectMethodHandleAccessor.java:103) ~[?:?]
	at java.base/java.lang.reflect.Method.invoke(Method.java:580) ~[?:?]
	at MC-BOOTSTRAP/fml_loader@4.0.42/net.neoforged.fml.loading.targets.CommonLaunchHandler.runTarget(CommonLaunchHandler.java:136) ~[loader-4.0.42.jar%23161!/:4.0]
	at MC-BOOTSTRAP/fml_loader@4.0.42/net.neoforged.fml.loading.targets.CommonLaunchHandler.clientService(CommonLaunchHandler.java:124) ~[loader-4.0.42.jar%23161!/:4.0]
	at MC-BOOTSTRAP/fml_loader@4.0.42/net.neoforged.fml.loading.targets.CommonClientLaunchHandler.runService(CommonClientLaunchHandler.java:32) ~[loader-4.0.42.jar%23161!/:4.0]
	at MC-BOOTSTRAP/fml_loader@4.0.42/net.neoforged.fml.loading.targets.CommonLaunchHandler.lambda$launchService$4(CommonLaunchHandler.java:118) ~[loader-4.0.42.jar%23161!/:4.0]
	at MC-BOOTSTRAP/cpw.mods.modlauncher@11.0.5/cpw.mods.modlauncher.LaunchServiceHandlerDecorator.launch(LaunchServiceHandlerDecorator.java:30) [modlauncher-11.0.5.jar%23166!/:?]
	at MC-BOOTSTRAP/cpw.mods.modlauncher@11.0.5/cpw.mods.modlauncher.LaunchServiceHandler.launch(LaunchServiceHandler.java:53) [modlauncher-11.0.5.jar%23166!/:?]
	at MC-BOOTSTRAP/cpw.mods.modlauncher@11.0.5/cpw.mods.modlauncher.LaunchServiceHandler.launch(LaunchServiceHandler.java:71) [modlauncher-11.0.5.jar%23166!/:?]
	at MC-BOOTSTRAP/cpw.mods.modlauncher@11.0.5/cpw.mods.modlauncher.Launcher.run(Launcher.java:103) [modlauncher-11.0.5.jar%23166!/:?]
	at MC-BOOTSTRAP/cpw.mods.modlauncher@11.0.5/cpw.mods.modlauncher.Launcher.main(Launcher.java:74) [modlauncher-11.0.5.jar%23166!/:?]
	at MC-BOOTSTRAP/cpw.mods.modlauncher@11.0.5/cpw.mods.modlauncher.BootstrapLaunchConsumer.accept(BootstrapLaunchConsumer.java:26) [modlauncher-11.0.5.jar%23166!/:?]
	at MC-BOOTSTRAP/cpw.mods.modlauncher@11.0.5/cpw.mods.modlauncher.BootstrapLaunchConsumer.accept(BootstrapLaunchConsumer.java:23) [modlauncher-11.0.5.jar%23166!/:?]
	at cpw.mods.bootstraplauncher@2.0.2/cpw.mods.bootstraplauncher.BootstrapLauncher.run(BootstrapLauncher.java:210) [bootstraplauncher-2.0.2.jar:?]
	at cpw.mods.bootstraplauncher@2.0.2/cpw.mods.bootstraplauncher.BootstrapLauncher.main(BootstrapLauncher.java:69) [bootstraplauncher-2.0.2.jar:?]
[259月2026 16:24:51.353] [Render thread/ERROR] [net.neoforged.fml.ModLoader/]: Cowardly refusing to send event net.neoforged.neoforge.client.event.sound.SoundEngineLoadEvent to a broken mod state
[259月2026 16:24:51.365] [Render thread/INFO] [ModernUI-MC/Init]: Loaded typeface: FontCollection{mFamilies=[SansSerif], mExclusiveEastAsianBits=null}
[259月2026 16:24:51.366] [Render thread/INFO] [ModernUI-MC/Glyph]: Reloaded glyph manager
[259月2026 16:24:51.369] [Render thread/INFO] [ModernUI-MC/TextLayout]: Reloaded text layout engine, res level: 2 to 2, locale: zh_CN, layout RTL: false
[259月2026 16:24:51.373] [Render thread/INFO] [net.minecraft.client.renderer.texture.TextureAtlas/]: Created: 1024x512x4 minecraft:textures/atlas/blocks.png-atlas
[259月2026 16:24:55.198] [Render thread/ERROR] [net.neoforged.fml.ModLoader/]: Cowardly refusing to send event net.neoforged.neoforge.client.event.TextureAtlasStitchedEvent to a broken mod state
[259月2026 16:24:55.199] [Render thread/INFO] [net.minecraft.client.renderer.texture.TextureAtlas/]: Created: 256x256x4 minecraft:textures/atlas/signs.png-atlas
[259月2026 16:24:55.212] [Render thread/ERROR] [net.neoforged.fml.ModLoader/]: Cowardly refusing to send event net.neoforged.neoforge.client.event.TextureAtlasStitchedEvent to a broken mod state
[259月2026 16:24:55.212] [Render thread/INFO] [net.minecraft.client.renderer.texture.TextureAtlas/]: Created: 512x512x4 minecraft:textures/atlas/shield_patterns.png-atlas
[259月2026 16:24:55.236] [Render thread/ERROR] [net.neoforged.fml.ModLoader/]: Cowardly refusing to send event net.neoforged.neoforge.client.event.TextureAtlasStitchedEvent to a broken mod state
[259月2026 16:24:55.236] [Render thread/INFO] [net.minecraft.client.renderer.texture.TextureAtlas/]: Created: 512x512x4 minecraft:textures/atlas/banner_patterns.png-atlas
[259月2026 16:24:55.254] [Render thread/ERROR] [net.neoforged.fml.ModLoader/]: Cowardly refusing to send event net.neoforged.neoforge.client.event.TextureAtlasStitchedEvent to a broken mod state
[259月2026 16:24:55.254] [Render thread/INFO] [net.minecraft.client.renderer.texture.TextureAtlas/]: Created: 1024x1024x4 minecraft:textures/atlas/armor_trims.png-atlas
[259月2026 16:24:55.496] [Render thread/ERROR] [net.neoforged.fml.ModLoader/]: Cowardly refusing to send event net.neoforged.neoforge.client.event.TextureAtlasStitchedEvent to a broken mod state
[259月2026 16:24:55.497] [Render thread/INFO] [net.minecraft.client.renderer.texture.TextureAtlas/]: Created: 128x64x4 minecraft:textures/atlas/decorated_pot.png-atlas
[259月2026 16:24:55.522] [Render thread/ERROR] [net.neoforged.fml.ModLoader/]: Cowardly refusing to send event net.neoforged.neoforge.client.event.TextureAtlasStitchedEvent to a broken mod state
[259月2026 16:24:55.523] [Render thread/INFO] [net.minecraft.client.renderer.texture.TextureAtlas/]: Created: 256x256x4 minecraft:textures/atlas/chest.png-atlas
[259月2026 16:24:55.529] [Render thread/ERROR] [net.neoforged.fml.ModLoader/]: Cowardly refusing to send event net.neoforged.neoforge.client.event.TextureAtlasStitchedEvent to a broken mod state
[259月2026 16:24:55.530] [Render thread/INFO] [net.minecraft.client.renderer.texture.TextureAtlas/]: Created: 512x256x4 minecraft:textures/atlas/beds.png-atlas
[259月2026 16:24:55.540] [Render thread/ERROR] [net.neoforged.fml.ModLoader/]: Cowardly refusing to send event net.neoforged.neoforge.client.event.TextureAtlasStitchedEvent to a broken mod state
[259月2026 16:24:55.540] [Render thread/INFO] [net.minecraft.client.renderer.texture.TextureAtlas/]: Created: 512x256x4 minecraft:textures/atlas/shulker_boxes.png-atlas
[259月2026 16:24:55.549] [Render thread/ERROR] [net.neoforged.fml.ModLoader/]: Cowardly refusing to send event net.neoforged.neoforge.client.event.TextureAtlasStitchedEvent to a broken mod state
[259月2026 16:24:55.550] [Render thread/ERROR] [net.neoforged.fml.ModLoader/]: Cowardly refusing to send event net.neoforged.neoforge.client.event.ModelEvent$BakingCompleted to a broken mod state
[259月2026 16:24:55.913] [Render thread/ERROR] [net.neoforged.fml.ModLoader/]: Cowardly refusing to send event net.neoforged.neoforge.client.event.EntityRenderersEvent$CreateSkullModels to a broken mod state
[259月2026 16:24:55.933] [Render thread/ERROR] [net.neoforged.fml.ModLoader/]: Cowardly refusing to send event net.neoforged.neoforge.client.event.EntityRenderersEvent$CreateSkullModels to a broken mod state
[259月2026 16:24:56.318] [Render thread/ERROR] [net.neoforged.fml.ModLoader/]: Cowardly refusing to send event net.neoforged.neoforge.client.event.EntityRenderersEvent$CreateSkullModels to a broken mod state
[259月2026 16:24:56.343] [Render thread/ERROR] [net.neoforged.fml.ModLoader/]: Cowardly refusing to send event net.neoforged.neoforge.client.event.EntityRenderersEvent$CreateSkullModels to a broken mod state
[259月2026 16:24:56.349] [Render thread/ERROR] [net.neoforged.fml.ModLoader/]: Cowardly refusing to send event net.neoforged.neoforge.client.event.EntityRenderersEvent$CreateSkullModels to a broken mod state
[259月2026 16:24:56.350] [Render thread/ERROR] [net.neoforged.fml.ModLoader/]: Cowardly refusing to send event net.neoforged.neoforge.client.event.EntityRenderersEvent$CreateSkullModels to a broken mod state
[259月2026 16:24:56.353] [Render thread/ERROR] [net.neoforged.fml.ModLoader/]: Cowardly refusing to send event net.neoforged.neoforge.client.event.EntityRenderersEvent$CreateSkullModels to a broken mod state
[259月2026 16:24:56.358] [Render thread/ERROR] [net.neoforged.fml.ModLoader/]: Cowardly refusing to send event net.neoforged.neoforge.client.event.EntityRenderersEvent$CreateSkullModels to a broken mod state
[259月2026 16:24:56.360] [Render thread/ERROR] [net.neoforged.fml.ModLoader/]: Cowardly refusing to send event net.neoforged.neoforge.client.event.EntityRenderersEvent$CreateSkullModels to a broken mod state
[259月2026 16:24:56.361] [Render thread/ERROR] [net.neoforged.fml.ModLoader/]: Cowardly refusing to send event net.neoforged.neoforge.client.event.EntityRenderersEvent$CreateSkullModels to a broken mod state
[259月2026 16:24:56.370] [Render thread/ERROR] [net.neoforged.fml.ModLoader/]: Cowardly refusing to send event net.neoforged.neoforge.client.event.EntityRenderersEvent$CreateSkullModels to a broken mod state
[259月2026 16:24:56.372] [Render thread/ERROR] [net.neoforged.fml.ModLoader/]: Cowardly refusing to send event net.neoforged.neoforge.client.event.EntityRenderersEvent$CreateSkullModels to a broken mod state
[259月2026 16:24:56.379] [Render thread/ERROR] [net.neoforged.fml.ModLoader/]: Cowardly refusing to send event net.neoforged.neoforge.client.event.EntityRenderersEvent$CreateSkullModels to a broken mod state
[259月2026 16:24:56.384] [Render thread/ERROR] [net.neoforged.fml.ModLoader/]: Cowardly refusing to send event net.neoforged.neoforge.client.event.EntityRenderersEvent$CreateSkullModels to a broken mod state
[259月2026 16:24:56.391] [Render thread/ERROR] [net.neoforged.fml.ModLoader/]: Cowardly refusing to send event net.neoforged.neoforge.client.event.EntityRenderersEvent$CreateSkullModels to a broken mod state
[259月2026 16:24:56.394] [Render thread/ERROR] [net.neoforged.fml.ModLoader/]: Cowardly refusing to send event net.neoforged.neoforge.client.event.EntityRenderersEvent$CreateSkullModels to a broken mod state
[259月2026 16:24:56.403] [Render thread/ERROR] [net.neoforged.fml.ModLoader/]: Cowardly refusing to send event net.neoforged.neoforge.client.event.EntityRenderersEvent$CreateSkullModels to a broken mod state
[259月2026 16:24:56.406] [Render thread/ERROR] [net.neoforged.fml.ModLoader/]: Cowardly refusing to send event net.neoforged.neoforge.client.event.EntityRenderersEvent$CreateSkullModels to a broken mod state
[259月2026 16:24:56.412] [Render thread/ERROR] [net.neoforged.fml.ModLoader/]: Cowardly refusing to send event net.neoforged.neoforge.client.event.EntityRenderersEvent$CreateSkullModels to a broken mod state
[259月2026 16:24:56.413] [Render thread/ERROR] [net.neoforged.fml.ModLoader/]: Cowardly refusing to send event net.neoforged.neoforge.client.event.EntityRenderersEvent$CreateSkullModels to a broken mod state
[259月2026 16:24:56.421] [Render thread/INFO] [CustomSkinLoader Bootstrap/]: Transformed net/minecraft/client/renderer/entity/layers/CapeLayer with [customskinloader:render-patch]
[259月2026 16:24:56.421] [Render thread/INFO] [CustomSkinLoader Bootstrap/]: Transformed ModLauncher target net/minecraft/client/renderer/entity/layers/CapeLayer with [customskinloader:render-patch]
[259月2026 16:24:56.540] [Render thread/ERROR] [net.neoforged.fml.ModLoader/]: Cowardly refusing to send event net.neoforged.neoforge.client.event.EntityRenderersEvent$CreateSkullModels to a broken mod state
[259月2026 16:24:56.543] [Render thread/ERROR] [net.neoforged.fml.ModLoader/]: Cowardly refusing to send event net.neoforged.neoforge.client.event.EntityRenderersEvent$CreateSkullModels to a broken mod state
[259月2026 16:24:56.544] [Render thread/ERROR] [net.neoforged.fml.ModLoader/]: Cowardly refusing to send event net.neoforged.neoforge.client.event.EntityRenderersEvent$AddLayers to a broken mod state
[259月2026 16:24:56.545] [Render thread/INFO] [net.minecraft.client.renderer.texture.TextureAtlas/]: Created: 512x256x0 minecraft:textures/atlas/particles.png-atlas
[259月2026 16:24:56.614] [Render thread/ERROR] [net.neoforged.fml.ModLoader/]: Cowardly refusing to send event net.neoforged.neoforge.client.event.TextureAtlasStitchedEvent to a broken mod state
[259月2026 16:24:56.616] [Render thread/INFO] [net.minecraft.client.renderer.texture.TextureAtlas/]: Created: 512x256x0 minecraft:textures/atlas/paintings.png-atlas
[259月2026 16:24:56.623] [Render thread/ERROR] [net.neoforged.fml.ModLoader/]: Cowardly refusing to send event net.neoforged.neoforge.client.event.TextureAtlasStitchedEvent to a broken mod state
[259月2026 16:24:56.623] [Render thread/INFO] [net.minecraft.client.renderer.texture.TextureAtlas/]: Created: 256x128x0 minecraft:textures/atlas/mob_effects.png-atlas
[259月2026 16:24:56.658] [Render thread/ERROR] [net.neoforged.fml.ModLoader/]: Cowardly refusing to send event net.neoforged.neoforge.client.event.TextureAtlasStitchedEvent to a broken mod state
[259月2026 16:24:56.658] [Render thread/INFO] [net.minecraft.client.renderer.texture.TextureAtlas/]: Created: 64x64x0 minecraft:textures/atlas/map_decorations.png-atlas
[259月2026 16:24:56.663] [Render thread/ERROR] [net.neoforged.fml.ModLoader/]: Cowardly refusing to send event net.neoforged.neoforge.client.event.TextureAtlasStitchedEvent to a broken mod state
[259月2026 16:24:56.663] [Render thread/INFO] [net.minecraft.client.renderer.texture.TextureAtlas/]: Created: 1024x512x0 minecraft:textures/atlas/gui.png-atlas
[259月2026 16:24:56.890] [Render thread/ERROR] [net.neoforged.fml.ModLoader/]: Cowardly refusing to send event net.neoforged.neoforge.client.event.TextureAtlasStitchedEvent to a broken mod state
[259月2026 16:24:56.970] [Render thread/WARN] [net.minecraft.client.renderer.ShaderInstance/]: Shader rendertype_entity_translucent_emissive could not find sampler named Sampler2 in the specified shader program.
[259月2026 16:24:57.116] [Render thread/ERROR] [net.neoforged.fml.ModLoader/]: Cowardly refusing to send event net.neoforged.neoforge.client.event.RegisterShadersEvent to a broken mod state
[259月2026 16:24:57.485] [Render thread/ERROR] [net.minecraft.CrashReport/]: Negative index in crash report handler (0/28)
[259月2026 16:24:57.524] [Render thread/FATAL] [net.neoforged.neoforge.common.NeoForgeMod/]: Preparing crash report with UUID 48e902c0-a854-48b8-966b-c98dc361bc45
[259月2026 16:24:57.526] [Render thread/FATAL] [net.neoforged.neoforge.client.loading.ClientModLoader/]: Crash report saved to C:\Users\*\AppData\Roaming\PCL2\.minecraft\versions\CGC neoforge 1.21.1\crash-reports\crash-2026-09-25_16.24.57-fml.txt
[259月2026 16:24:57.533] [Render thread/FATAL] [net.neoforged.neoforge.common.NeoForgeMod/]: Preparing crash report with UUID 083f3da5-8353-4344-91ee-f532d4197af7
[259月2026 16:24:57.535] [Render thread/INFO] [STDOUT/]: [net.minecraft.server.Bootstrap:realStdoutPrintln:135]: ---- Minecraft Crash Report ----
// I bet Cylons wouldn't have this problem.

Time: 2026-09-25 16:24:57
Description: Mod loading failures have occurred; consult the issue messages for more details

net.neoforged.neoforge.logging.CrashReportExtender$ModLoadingCrashException: Mod loading has failed


A detailed walkthrough of the error, its code path and all known details is as follows:
---------------------------------------------------------------------------------------

-- Head --
Thread: Render thread
Stacktrace:
	at MC-BOOTSTRAP/org.spongepowered.mixin/org.spongepowered.asm.mixin.injection.callback.CallbackInjector.inject(CallbackInjector.java:560) ~[sponge-mixin-0.15.2+mixin.0.8.7.jar%23175!/:0.15.2+mixin.0.8.7] {}
-- Mod loading issue for: customgun --
Details:
	Caused by 0: org.spongepowered.asm.mixin.transformer.throwables.MixinTransformerError: An unexpected critical error was encountered
		at MC-BOOTSTRAP/org.spongepowered.mixin/org.spongepowered.asm.mixin.transformer.MixinProcessor.applyMixins(MixinProcessor.java:392) ~[sponge-mixin-0.15.2+mixin.0.8.7.jar:0.15.2+mixin.0.8.7] {}
		at MC-BOOTSTRAP/org.spongepowered.mixin/org.spongepowered.asm.mixin.transformer.MixinTransformer.transformClass(MixinTransformer.java:250) ~[sponge-mixin-0.15.2+mixin.0.8.7.jar:0.15.2+mixin.0.8.7] {}
		at MC-BOOTSTRAP/org.spongepowered.mixin/org.spongepowered.asm.service.modlauncher.MixinTransformationHandler.processClass(MixinTransformationHandler.java:131) ~[sponge-mixin-0.15.2+mixin.0.8.7.jar:0.15.2+mixin.0.8.7] {}
		at MC-BOOTSTRAP/org.spongepowered.mixin/org.spongepowered.asm.launch.MixinLaunchPluginLegacy.processClass(MixinLaunchPluginLegacy.java:131) ~[sponge-mixin-0.15.2+mixin.0.8.7.jar:0.15.2+mixin.0.8.7] {}
		at MC-BOOTSTRAP/cpw.mods.modlauncher@11.0.5/cpw.mods.modlauncher.serviceapi.ILaunchPluginService.processClassWithFlags(ILaunchPluginService.java:156) ~[modlauncher-11.0.5.jar:11.0.5+main.901c6ea8] {}
		at MC-BOOTSTRAP/cpw.mods.modlauncher@11.0.5/cpw.mods.modlauncher.LaunchPluginHandler.offerClassNodeToPlugins(LaunchPluginHandler.java:94) ~[modlauncher-11.0.5.jar:?] {}
		at MC-BOOTSTRAP/cpw.mods.modlauncher@11.0.5/cpw.mods.modlauncher.ClassTransformer.transform(ClassTransformer.java:120) ~[modlauncher-11.0.5.jar:?] {}
		at MC-BOOTSTRAP/cpw.mods.modlauncher@11.0.5/cpw.mods.modlauncher.TransformingClassLoader.maybeTransformClassBytes(TransformingClassLoader.java:57) ~[modlauncher-11.0.5.jar:?] {}
		at cpw.mods.securejarhandler/cpw.mods.cl.ModuleClassLoader.readerToClass(ModuleClassLoader.java:190) ~[securejarhandler-3.0.8.jar:?] {}
		at cpw.mods.securejarhandler/cpw.mods.cl.ModuleClassLoader.lambda$findClass$20(ModuleClassLoader.java:298) ~[securejarhandler-3.0.8.jar:?] {}
		at cpw.mods.securejarhandler/cpw.mods.cl.ModuleClassLoader.loadFromModule(ModuleClassLoader.java:311) ~[securejarhandler-3.0.8.jar:?] {}
		at cpw.mods.securejarhandler/cpw.mods.cl.ModuleClassLoader.findClass(ModuleClassLoader.java:298) ~[securejarhandler-3.0.8.jar:?] {}
		at cpw.mods.securejarhandler/cpw.mods.cl.ModuleClassLoader.loadClass(ModuleClassLoader.java:214) ~[securejarhandler-3.0.8.jar:?] {}
		at java.base/java.lang.ClassLoader.loadClass(ClassLoader.java:526) ~[?:?] {}
		at TRANSFORMER/customgun@26.9.19/dev.xcolorful.customgun.core.init.registry.ModEntities.lambda$static$0(ModEntities.java:15) ~[customgun-26.9.19-neoforge-1.21.1.jar%23278!/:?] {re:classloading}
		at TRANSFORMER/neoforge@21.1.219/net.neoforged.neoforge.registries.DeferredRegister.lambda$register$0(DeferredRegister.java:215) ~[neoforge-21.1.219-universal.jar%23248!/:?] {re:classloading}
		at TRANSFORMER/neoforge@21.1.219/net.neoforged.neoforge.registries.DeferredRegister.lambda$register$1(DeferredRegister.java:234) ~[neoforge-21.1.219-universal.jar%23248!/:?] {re:classloading}
		at TRANSFORMER/neoforge@21.1.219/net.neoforged.neoforge.registries.DeferredRegister.lambda$addEntries$2(DeferredRegister.java:375) ~[neoforge-21.1.219-universal.jar%23248!/:?] {re:classloading}
		at TRANSFORMER/neoforge@21.1.219/net.neoforged.neoforge.registries.RegisterEvent.register(RegisterEvent.java:48) ~[neoforge-21.1.219-universal.jar%23248!/:?] {re:mixin,re:classloading}
		at TRANSFORMER/neoforge@21.1.219/net.neoforged.neoforge.registries.DeferredRegister.addEntries(DeferredRegister.java:375) ~[neoforge-21.1.219-universal.jar%23248!/:?] {re:classloading}
		at MC-BOOTSTRAP/net.neoforged.bus/net.neoforged.bus.ConsumerEventHandler.invoke(ConsumerEventHandler.java:27) ~[bus-8.0.5.jar%23164!/:?] {}
		at MC-BOOTSTRAP/net.neoforged.bus/net.neoforged.bus.EventBus.post(EventBus.java:360) ~[bus-8.0.5.jar%23164!/:?] {}
		at MC-BOOTSTRAP/net.neoforged.bus/net.neoforged.bus.EventBus.post(EventBus.java:342) ~[bus-8.0.5.jar%23164!/:?] {}
		at MC-BOOTSTRAP/fml_loader@4.0.42/net.neoforged.fml.ModContainer.acceptEvent(ModContainer.java:177) ~[loader-4.0.42.jar%23161!/:4.0] {re:mixin}
		at TRANSFORMER/neoforge@21.1.219/net.neoforged.neoforge.registries.GameData.md69dc26$modernfix$lambda$postWithProgressBar$0$0(GameData.java:1537) ~[neoforge-21.1.219-universal.jar%23248!/:?] {re:mixin,re:classloading,pl:mixin:APP:kiwi.mixins.json:GameDataMixin from mod kiwi,pl:mixin:APP:modernfix-modernfix.mixins.json:core.GameDataMixin from mod modernfix,pl:mixin:APP:modernfix-modernfix.mixins.json:feature.registry_event_progress.GameDataMixin from mod modernfix,pl:mixin:A}
		at java.base/java.lang.Iterable.forEach(Iterable.java:75) ~[?:?] {re:mixin}
		at MC-BOOTSTRAP/fml_loader@4.0.42/net.neoforged.fml.ModList.forEachModInOrder(ModList.java:174) ~[loader-4.0.42.jar%23161!/:4.0] {re:mixin}
		at TRANSFORMER/neoforge@21.1.219/net.neoforged.neoforge.registries.GameData.redirect$bca000$modernfix$postWithProgressBar(GameData.java:1533) ~[neoforge-21.1.219-universal.jar%23248!/:?] {re:mixin,re:classloading,pl:mixin:APP:kiwi.mixins.json:GameDataMixin from mod kiwi,pl:mixin:APP:modernfix-modernfix.mixins.json:core.GameDataMixin from mod modernfix,pl:mixin:APP:modernfix-modernfix.mixins.json:feature.registry_event_progress.GameDataMixin from mod modernfix,pl:mixin:A}
		at TRANSFORMER/neoforge@21.1.219/net.neoforged.neoforge.registries.GameData.postRegisterEvents(GameData.java:92) ~[neoforge-21.1.219-universal.jar%23248!/:?] {re:mixin,re:classloading,pl:mixin:APP:kiwi.mixins.json:GameDataMixin from mod kiwi,pl:mixin:APP:modernfix-modernfix.mixins.json:core.GameDataMixin from mod modernfix,pl:mixin:APP:modernfix-modernfix.mixins.json:feature.registry_event_progress.GameDataMixin from mod modernfix,pl:mixin:A}
		at TRANSFORMER/neoforge@21.1.219/net.neoforged.neoforge.internal.CommonModLoader.lambda$begin$0(CommonModLoader.java:54) ~[neoforge-21.1.219-universal.jar%23248!/:?] {re:classloading}
		at java.base/java.util.concurrent.CompletableFuture$AsyncRun.run(CompletableFuture.java:1804) ~[?:?] {}
		at java.base/java.util.concurrent.ThreadPoolExecutor.runWorker(ThreadPoolExecutor.java:1144) ~[?:?] {}
		at java.base/java.util.concurrent.ThreadPoolExecutor$Worker.run(ThreadPoolExecutor.java:642) ~[?:?] {}
		at java.base/java.lang.Thread.run(Thread.java:1583) ~[?:?] {re:mixin}

	Caused by 1: org.spongepowered.asm.mixin.throwables.MixinApplyError: Mixin [nospread.mixins.json:GunProjectileMixin from mod nospread] from phase [DEFAULT] in config [nospread.mixins.json] FAILED during APPLY
		at MC-BOOTSTRAP/org.spongepowered.mixin/org.spongepowered.asm.mixin.transformer.MixinProcessor.handleMixinError(MixinProcessor.java:638) ~[sponge-mixin-0.15.2+mixin.0.8.7.jar:0.15.2+mixin.0.8.7] {}
		at MC-BOOTSTRAP/org.spongepowered.mixin/org.spongepowered.asm.mixin.transformer.MixinProcessor.handleMixinApplyError(MixinProcessor.java:589) ~[sponge-mixin-0.15.2+mixin.0.8.7.jar:0.15.2+mixin.0.8.7] {}
		at MC-BOOTSTRAP/org.spongepowered.mixin/org.spongepowered.asm.mixin.transformer.MixinProcessor.applyMixins(MixinProcessor.java:379) ~[sponge-mixin-0.15.2+mixin.0.8.7.jar:0.15.2+mixin.0.8.7] {}
		at MC-BOOTSTRAP/org.spongepowered.mixin/org.spongepowered.asm.mixin.transformer.MixinTransformer.transformClass(MixinTransformer.java:250) ~[sponge-mixin-0.15.2+mixin.0.8.7.jar:0.15.2+mixin.0.8.7] {}
		at MC-BOOTSTRAP/org.spongepowered.mixin/org.spongepowered.asm.service.modlauncher.MixinTransformationHandler.processClass(MixinTransformationHandler.java:131) ~[sponge-mixin-0.15.2+mixin.0.8.7.jar:0.15.2+mixin.0.8.7] {}
		at MC-BOOTSTRAP/org.spongepowered.mixin/org.spongepowered.asm.launch.MixinLaunchPluginLegacy.processClass(MixinLaunchPluginLegacy.java:131) ~[sponge-mixin-0.15.2+mixin.0.8.7.jar:0.15.2+mixin.0.8.7] {}
		at MC-BOOTSTRAP/cpw.mods.modlauncher@11.0.5/cpw.mods.modlauncher.serviceapi.ILaunchPluginService.processClassWithFlags(ILaunchPluginService.java:156) ~[modlauncher-11.0.5.jar:11.0.5+main.901c6ea8] {}
		at MC-BOOTSTRAP/cpw.mods.modlauncher@11.0.5/cpw.mods.modlauncher.LaunchPluginHandler.offerClassNodeToPlugins(LaunchPluginHandler.java:94) ~[modlauncher-11.0.5.jar:?] {}
		at MC-BOOTSTRAP/cpw.mods.modlauncher@11.0.5/cpw.mods.modlauncher.ClassTransformer.transform(ClassTransformer.java:120) ~[modlauncher-11.0.5.jar:?] {}
		at MC-BOOTSTRAP/cpw.mods.modlauncher@11.0.5/cpw.mods.modlauncher.TransformingClassLoader.maybeTransformClassBytes(TransformingClassLoader.java:57) ~[modlauncher-11.0.5.jar:?] {}
		at cpw.mods.securejarhandler/cpw.mods.cl.ModuleClassLoader.readerToClass(ModuleClassLoader.java:190) ~[securejarhandler-3.0.8.jar:?] {}
		at cpw.mods.securejarhandler/cpw.mods.cl.ModuleClassLoader.lambda$findClass$20(ModuleClassLoader.java:298) ~[securejarhandler-3.0.8.jar:?] {}
		at cpw.mods.securejarhandler/cpw.mods.cl.ModuleClassLoader.loadFromModule(ModuleClassLoader.java:311) ~[securejarhandler-3.0.8.jar:?] {}
		at cpw.mods.securejarhandler/cpw.mods.cl.ModuleClassLoader.findClass(ModuleClassLoader.java:298) ~[securejarhandler-3.0.8.jar:?] {}
		at cpw.mods.securejarhandler/cpw.mods.cl.ModuleClassLoader.loadClass(ModuleClassLoader.java:214) ~[securejarhandler-3.0.8.jar:?] {}
		at java.base/java.lang.ClassLoader.loadClass(ClassLoader.java:526) ~[?:?] {}
		at TRANSFORMER/customgun@26.9.19/dev.xcolorful.customgun.core.init.registry.ModEntities.lambda$static$0(ModEntities.java:15) ~[customgun-26.9.19-neoforge-1.21.1.jar%23278!/:?] {re:classloading}
		at TRANSFORMER/neoforge@21.1.219/net.neoforged.neoforge.registries.DeferredRegister.lambda$register$0(DeferredRegister.java:215) ~[neoforge-21.1.219-universal.jar%23248!/:?] {re:classloading}
		at TRANSFORMER/neoforge@21.1.219/net.neoforged.neoforge.registries.DeferredRegister.lambda$register$1(DeferredRegister.java:234) ~[neoforge-21.1.219-universal.jar%23248!/:?] {re:classloading}
		at TRANSFORMER/neoforge@21.1.219/net.neoforged.neoforge.registries.DeferredRegister.lambda$addEntries$2(DeferredRegister.java:375) ~[neoforge-21.1.219-universal.jar%23248!/:?] {re:classloading}
		at TRANSFORMER/neoforge@21.1.219/net.neoforged.neoforge.registries.RegisterEvent.register(RegisterEvent.java:48) ~[neoforge-21.1.219-universal.jar%23248!/:?] {re:mixin,re:classloading}
		at TRANSFORMER/neoforge@21.1.219/net.neoforged.neoforge.registries.DeferredRegister.addEntries(DeferredRegister.java:375) ~[neoforge-21.1.219-universal.jar%23248!/:?] {re:classloading}
		at MC-BOOTSTRAP/net.neoforged.bus/net.neoforged.bus.ConsumerEventHandler.invoke(ConsumerEventHandler.java:27) ~[bus-8.0.5.jar%23164!/:?] {}
		at MC-BOOTSTRAP/net.neoforged.bus/net.neoforged.bus.EventBus.post(EventBus.java:360) ~[bus-8.0.5.jar%23164!/:?] {}
		at MC-BOOTSTRAP/net.neoforged.bus/net.neoforged.bus.EventBus.post(EventBus.java:342) ~[bus-8.0.5.jar%23164!/:?] {}
		at MC-BOOTSTRAP/fml_loader@4.0.42/net.neoforged.fml.ModContainer.acceptEvent(ModContainer.java:177) ~[loader-4.0.42.jar%23161!/:4.0] {re:mixin}
		at TRANSFORMER/neoforge@21.1.219/net.neoforged.neoforge.registries.GameData.md69dc26$modernfix$lambda$postWithProgressBar$0$0(GameData.java:1537) ~[neoforge-21.1.219-universal.jar%23248!/:?] {re:mixin,re:classloading,pl:mixin:APP:kiwi.mixins.json:GameDataMixin from mod kiwi,pl:mixin:APP:modernfix-modernfix.mixins.json:core.GameDataMixin from mod modernfix,pl:mixin:APP:modernfix-modernfix.mixins.json:feature.registry_event_progress.GameDataMixin from mod modernfix,pl:mixin:A}
		at java.base/java.lang.Iterable.forEach(Iterable.java:75) ~[?:?] {re:mixin}
		at MC-BOOTSTRAP/fml_loader@4.0.42/net.neoforged.fml.ModList.forEachModInOrder(ModList.java:174) ~[loader-4.0.42.jar%23161!/:4.0] {re:mixin}
		at TRANSFORMER/neoforge@21.1.219/net.neoforged.neoforge.registries.GameData.redirect$bca000$modernfix$postWithProgressBar(GameData.java:1533) ~[neoforge-21.1.219-universal.jar%23248!/:?] {re:mixin,re:classloading,pl:mixin:APP:kiwi.mixins.json:GameDataMixin from mod kiwi,pl:mixin:APP:modernfix-modernfix.mixins.json:core.GameDataMixin from mod modernfix,pl:mixin:APP:modernfix-modernfix.mixins.json:feature.registry_event_progress.GameDataMixin from mod modernfix,pl:mixin:A}
		at TRANSFORMER/neoforge@21.1.219/net.neoforged.neoforge.registries.GameData.postRegisterEvents(GameData.java:92) ~[neoforge-21.1.219-universal.jar%23248!/:?] {re:mixin,re:classloading,pl:mixin:APP:kiwi.mixins.json:GameDataMixin from mod kiwi,pl:mixin:APP:modernfix-modernfix.mixins.json:core.GameDataMixin from mod modernfix,pl:mixin:APP:modernfix-modernfix.mixins.json:feature.registry_event_progress.GameDataMixin from mod modernfix,pl:mixin:A}
		at TRANSFORMER/neoforge@21.1.219/net.neoforged.neoforge.internal.CommonModLoader.lambda$begin$0(CommonModLoader.java:54) ~[neoforge-21.1.219-universal.jar%23248!/:?] {re:classloading}
		at java.base/java.util.concurrent.CompletableFuture$AsyncRun.run(CompletableFuture.java:1804) ~[?:?] {}
		at java.base/java.util.concurrent.ThreadPoolExecutor.runWorker(ThreadPoolExecutor.java:1144) ~[?:?] {}
		at java.base/java.util.concurrent.ThreadPoolExecutor$Worker.run(ThreadPoolExecutor.java:642) ~[?:?] {}
		at java.base/java.lang.Thread.run(Thread.java:1583) ~[?:?] {re:mixin}

	Mod file: /C:/Users/*/AppData/Roaming/PCL2/.minecraft/versions/CGC neoforge 1.21.1/mods/customgun-26.9.19-neoforge-1.21.1.jar
	Failure message: Custom Gun Continued (customgun) encountered an error while dispatching the net.neoforged.neoforge.registries.RegisterEvent event
		org.spongepowered.asm.mixin.transformer.throwables.MixinTransformerError: An unexpected critical error was encountered
	Mod version: 26.9.19
	Mod issues URL: https://github.com/XColorful/Custom-Gun-Continued/issues
	Exception message: org.spongepowered.asm.mixin.injection.throwables.InvalidInjectionException: Invalid descriptor on nospread.mixins.json:GunProjectileMixin from mod nospread->@Inject::nospread$removeGravity(Ldev/xcolorful/customgun/core/entity/projectile/GunProjectile;Ldev/xcolorful/customgun/core/api/entity/shooter/modifier/ShooterGunModifierCache;Lorg/spongepowered/asm/mixin/injection/callback/CallbackInfo;)V! Expected (Ldev/xcolorful/customgun/core/api/entity/shooter/modifier/ShooterGunModifierCache;Lorg/spongepowered/asm/mixin/injection/callback/CallbackInfo;)V but found (Ldev/xcolorful/customgun/core/entity/projectile/GunProjectile;Ldev/xcolorful/customgun/core/api/entity/shooter/modifier/ShooterGunModifierCache;Lorg/spongepowered/asm/mixin/injection/callback/CallbackInfo;)V [INJECT_APPLY Applicator Phase -> nospread.mixins.json:GunProjectileMixin from mod nospread -> Apply Injections ->  -> Inject -> nospread.mixins.json:GunProjectileMixin from mod nospread->@Inject::nospread$removeGravity(Ldev/xcolorful/customgun/core/entity/projectile/GunProjectile;Ldev/xcolorful/customgun/core/api/entity/shooter/modifier/ShooterGunModifierCache;Lorg/spongepowered/asm/mixin/injection/callback/CallbackInfo;)V]
Stacktrace:
	at MC-BOOTSTRAP/org.spongepowered.mixin/org.spongepowered.asm.mixin.injection.callback.CallbackInjector.inject(CallbackInjector.java:560) ~[sponge-mixin-0.15.2+mixin.0.8.7.jar:0.15.2+mixin.0.8.7] {}
	at MC-BOOTSTRAP/org.spongepowered.mixin/org.spongepowered.asm.mixin.injection.callback.CallbackInjector.inject(CallbackInjector.java:490) ~[sponge-mixin-0.15.2+mixin.0.8.7.jar:0.15.2+mixin.0.8.7] {}
	at MC-BOOTSTRAP/org.spongepowered.mixin/org.spongepowered.asm.mixin.injection.code.Injector.inject(Injector.java:284) ~[sponge-mixin-0.15.2+mixin.0.8.7.jar:0.15.2+mixin.0.8.7] {}
	at MC-BOOTSTRAP/org.spongepowered.mixin/org.spongepowered.asm.mixin.injection.struct.InjectionInfo.inject(InjectionInfo.java:508) ~[sponge-mixin-0.15.2+mixin.0.8.7.jar:0.15.2+mixin.0.8.7] {}
	at MC-BOOTSTRAP/org.spongepowered.mixin/org.spongepowered.asm.mixin.transformer.MixinTargetContext.applyInjections(MixinTargetContext.java:1483) ~[sponge-mixin-0.15.2+mixin.0.8.7.jar:0.15.2+mixin.0.8.7] {}
	at MC-BOOTSTRAP/org.spongepowered.mixin/org.spongepowered.asm.mixin.transformer.MixinApplicatorStandard.applyInjections(MixinApplicatorStandard.java:752) ~[sponge-mixin-0.15.2+mixin.0.8.7.jar:0.15.2+mixin.0.8.7] {}
	at MC-BOOTSTRAP/org.spongepowered.mixin/org.spongepowered.asm.mixin.transformer.MixinApplicatorStandard.applyMixin(MixinApplicatorStandard.java:330) ~[sponge-mixin-0.15.2+mixin.0.8.7.jar:0.15.2+mixin.0.8.7] {}
	at MC-BOOTSTRAP/org.spongepowered.mixin/org.spongepowered.asm.mixin.transformer.MixinApplicatorStandard.apply(MixinApplicatorStandard.java:246) ~[sponge-mixin-0.15.2+mixin.0.8.7.jar:0.15.2+mixin.0.8.7] {}
	at MC-BOOTSTRAP/org.spongepowered.mixin/org.spongepowered.asm.mixin.transformer.TargetClassContext.apply(TargetClassContext.java:437) ~[sponge-mixin-0.15.2+mixin.0.8.7.jar:0.15.2+mixin.0.8.7] {}
	at MC-BOOTSTRAP/org.spongepowered.mixin/org.spongepowered.asm.mixin.transformer.TargetClassContext.applyMixins(TargetClassContext.java:418) ~[sponge-mixin-0.15.2+mixin.0.8.7.jar:0.15.2+mixin.0.8.7] {}
	at MC-BOOTSTRAP/org.spongepowered.mixin/org.spongepowered.asm.mixin.transformer.MixinProcessor.applyMixins(MixinProcessor.java:363) ~[sponge-mixin-0.15.2+mixin.0.8.7.jar:0.15.2+mixin.0.8.7] {}
	at MC-BOOTSTRAP/org.spongepowered.mixin/org.spongepowered.asm.mixin.transformer.MixinTransformer.transformClass(MixinTransformer.java:250) ~[sponge-mixin-0.15.2+mixin.0.8.7.jar:0.15.2+mixin.0.8.7] {}
	at MC-BOOTSTRAP/org.spongepowered.mixin/org.spongepowered.asm.service.modlauncher.MixinTransformationHandler.processClass(MixinTransformationHandler.java:131) ~[sponge-mixin-0.15.2+mixin.0.8.7.jar:0.15.2+mixin.0.8.7] {}
	at MC-BOOTSTRAP/org.spongepowered.mixin/org.spongepowered.asm.launch.MixinLaunchPluginLegacy.processClass(MixinLaunchPluginLegacy.java:131) ~[sponge-mixin-0.15.2+mixin.0.8.7.jar:0.15.2+mixin.0.8.7] {}
	at MC-BOOTSTRAP/cpw.mods.modlauncher@11.0.5/cpw.mods.modlauncher.serviceapi.ILaunchPluginService.processClassWithFlags(ILaunchPluginService.java:156) ~[modlauncher-11.0.5.jar:11.0.5+main.901c6ea8] {}
	at MC-BOOTSTRAP/cpw.mods.modlauncher@11.0.5/cpw.mods.modlauncher.LaunchPluginHandler.offerClassNodeToPlugins(LaunchPluginHandler.java:94) ~[modlauncher-11.0.5.jar:?] {}
	at MC-BOOTSTRAP/cpw.mods.modlauncher@11.0.5/cpw.mods.modlauncher.ClassTransformer.transform(ClassTransformer.java:120) ~[modlauncher-11.0.5.jar:?] {}
	at MC-BOOTSTRAP/cpw.mods.modlauncher@11.0.5/cpw.mods.modlauncher.TransformingClassLoader.maybeTransformClassBytes(TransformingClassLoader.java:57) ~[modlauncher-11.0.5.jar:?] {}
	at cpw.mods.securejarhandler/cpw.mods.cl.ModuleClassLoader.readerToClass(ModuleClassLoader.java:190) ~[securejarhandler-3.0.8.jar:?] {}
	at cpw.mods.securejarhandler/cpw.mods.cl.ModuleClassLoader.lambda$findClass$20(ModuleClassLoader.java:298) ~[securejarhandler-3.0.8.jar:?] {}
	at cpw.mods.securejarhandler/cpw.mods.cl.ModuleClassLoader.loadFromModule(ModuleClassLoader.java:311) ~[securejarhandler-3.0.8.jar:?] {}
	at cpw.mods.securejarhandler/cpw.mods.cl.ModuleClassLoader.findClass(ModuleClassLoader.java:298) ~[securejarhandler-3.0.8.jar:?] {}
	at cpw.mods.securejarhandler/cpw.mods.cl.ModuleClassLoader.loadClass(ModuleClassLoader.java:214) ~[securejarhandler-3.0.8.jar:?] {}
	at java.base/java.lang.ClassLoader.loadClass(ClassLoader.java:526) ~[?:?] {}
	at TRANSFORMER/customgun@26.9.19/dev.xcolorful.customgun.core.init.registry.ModEntities.lambda$static$0(ModEntities.java:15) ~[customgun-26.9.19-neoforge-1.21.1.jar%23278!/:?] {re:classloading}
	at TRANSFORMER/neoforge@21.1.219/net.neoforged.neoforge.registries.DeferredRegister.lambda$register$0(DeferredRegister.java:215) ~[neoforge-21.1.219-universal.jar%23248!/:?] {re:classloading}
	at TRANSFORMER/neoforge@21.1.219/net.neoforged.neoforge.registries.DeferredRegister.lambda$register$1(DeferredRegister.java:234) ~[neoforge-21.1.219-universal.jar%23248!/:?] {re:classloading}
	at TRANSFORMER/neoforge@21.1.219/net.neoforged.neoforge.registries.DeferredRegister.lambda$addEntries$2(DeferredRegister.java:375) ~[neoforge-21.1.219-universal.jar%23248!/:?] {re:classloading}
	at TRANSFORMER/neoforge@21.1.219/net.neoforged.neoforge.registries.RegisterEvent.register(RegisterEvent.java:48) ~[neoforge-21.1.219-universal.jar%23248!/:?] {re:mixin,re:classloading}
	at TRANSFORMER/neoforge@21.1.219/net.neoforged.neoforge.registries.DeferredRegister.addEntries(DeferredRegister.java:375) ~[neoforge-21.1.219-universal.jar%23248!/:?] {re:classloading}
	at MC-BOOTSTRAP/net.neoforged.bus/net.neoforged.bus.ConsumerEventHandler.invoke(ConsumerEventHandler.java:27) ~[bus-8.0.5.jar%23164!/:?] {}
	at MC-BOOTSTRAP/net.neoforged.bus/net.neoforged.bus.EventBus.post(EventBus.java:360) ~[bus-8.0.5.jar%23164!/:?] {}
	at MC-BOOTSTRAP/net.neoforged.bus/net.neoforged.bus.EventBus.post(EventBus.java:342) ~[bus-8.0.5.jar%23164!/:?] {}
	at MC-BOOTSTRAP/fml_loader@4.0.42/net.neoforged.fml.ModContainer.acceptEvent(ModContainer.java:177) ~[loader-4.0.42.jar%23161!/:4.0] {re:mixin}
	at TRANSFORMER/neoforge@21.1.219/net.neoforged.neoforge.registries.GameData.md69dc26$modernfix$lambda$postWithProgressBar$0$0(GameData.java:1537) ~[neoforge-21.1.219-universal.jar%23248!/:?] {re:mixin,re:classloading,pl:mixin:APP:kiwi.mixins.json:GameDataMixin from mod kiwi,pl:mixin:APP:modernfix-modernfix.mixins.json:core.GameDataMixin from mod modernfix,pl:mixin:APP:modernfix-modernfix.mixins.json:feature.registry_event_progress.GameDataMixin from mod modernfix,pl:mixin:A}
	at java.base/java.lang.Iterable.forEach(Iterable.java:75) ~[?:?] {re:mixin}
	at MC-BOOTSTRAP/fml_loader@4.0.42/net.neoforged.fml.ModList.forEachModInOrder(ModList.java:174) ~[loader-4.0.42.jar%23161!/:4.0] {re:mixin}
	at TRANSFORMER/neoforge@21.1.219/net.neoforged.neoforge.registries.GameData.redirect$bca000$modernfix$postWithProgressBar(GameData.java:1533) ~[neoforge-21.1.219-universal.jar%23248!/:?] {re:mixin,re:classloading,pl:mixin:APP:kiwi.mixins.json:GameDataMixin from mod kiwi,pl:mixin:APP:modernfix-modernfix.mixins.json:core.GameDataMixin from mod modernfix,pl:mixin:APP:modernfix-modernfix.mixins.json:feature.registry_event_progress.GameDataMixin from mod modernfix,pl:mixin:A}
	at TRANSFORMER/neoforge@21.1.219/net.neoforged.neoforge.registries.GameData.postRegisterEvents(GameData.java:92) ~[neoforge-21.1.219-universal.jar%23248!/:?] {re:mixin,re:classloading,pl:mixin:APP:kiwi.mixins.json:GameDataMixin from mod kiwi,pl:mixin:APP:modernfix-modernfix.mixins.json:core.GameDataMixin from mod modernfix,pl:mixin:APP:modernfix-modernfix.mixins.json:feature.registry_event_progress.GameDataMixin from mod modernfix,pl:mixin:A}
	at TRANSFORMER/neoforge@21.1.219/net.neoforged.neoforge.internal.CommonModLoader.lambda$begin$0(CommonModLoader.java:54) ~[neoforge-21.1.219-universal.jar%23248!/:?] {re:classloading}
	at java.base/java.util.concurrent.CompletableFuture$AsyncRun.run(CompletableFuture.java:1804) ~[?:?] {}
	at java.base/java.util.concurrent.ThreadPoolExecutor.runWorker(ThreadPoolExecutor.java:1144) ~[?:?] {}
	at java.base/java.util.concurrent.ThreadPoolExecutor$Worker.run(ThreadPoolExecutor.java:642) ~[?:?] {}
	at java.base/java.lang.Thread.run(Thread.java:1583) ~[?:?] {re:mixin}


-- System Details --
Details:
	Minecraft Version: 1.21.1
	Minecraft Version ID: 1.21.1
	Operating System: Windows 10 (amd64) version 10.0
	Java Version: 21.0.11, Oracle Corporation
	Java VM Version: Java HotSpot(TM) 64-Bit Server VM (mixed mode, sharing), Oracle Corporation
	Memory: 1329333144 bytes (1267 MiB) / 2113929216 bytes (2016 MiB) up to 9126805504 bytes (8704 MiB)
	CPUs: 16
	Processor Vendor: GenuineIntel
	Processor Name: Intel(R) Core(TM) i9-9900K CPU @ 3.60GHz
	Identifier: Intel64 Family 6 Model 158 Stepping 13
	Microarchitecture: Coffee Lake
	Frequency (GHz): 3.60
	Number of physical packages: 1
	Number of physical CPUs: 8
	Number of logical CPUs: 16
	Graphics card #0 name: Radeon Pro 580X
	Graphics card #0 vendor: Advanced Micro Devices, Inc.
	Graphics card #0 VRAM (MiB): 8192.00
	Graphics card #0 deviceId: VideoController1
	Graphics card #0 versionInfo: 30.0.13045.22003
	Memory slot #0 capacity (MiB): 16384.00
	Memory slot #0 clockSpeed (GHz): 2.67
	Memory slot #0 type: DDR4
	Memory slot #1 capacity (MiB): 16384.00
	Memory slot #1 clockSpeed (GHz): 2.67
	Memory slot #1 type: DDR4
	Virtual memory max (MiB): 34694.17
	Virtual memory used (MiB): 15510.45
	Swap memory total (MiB): 2048.00
	Swap memory used (MiB): 0.00
	Space in storage for jna.tmpdir (MiB): available: 169692.13, total: 306332.66
	Space in storage for org.lwjgl.system.SharedLibraryExtractPath (MiB): available: 169692.13, total: 306332.66
	Space in storage for io.netty.native.workdir (MiB): available: 169692.13, total: 306332.66
	Space in storage for java.io.tmpdir (MiB): available: 169692.13, total: 306332.66
	Space in storage for workdir (MiB): available: 169692.13, total: 306332.66
	JVM Flags: 12 total; -XX:HeapDumpPath=MojangTricksIntelDriversForPerformance_javaw.exe_minecraft.exe.heapdump -XX:-OmitStackTraceInFastThrow -Xmx8704m -XX:+UnlockExperimentalVMOptions -XX:+UseG1GC -XX:G1NewSizePercent=20 -XX:G1ReservePercent=20 -XX:G1HeapRegionSize=32M -XX:MaxGCPauseMillis=50 -XX:+PerfDisableSharedMem -XX:MinHeapFreeRatio=25 -XX:MaxHeapFreeRatio=40
	Loaded Shaderpack: (off)
	ModLauncher: 11.0.5+main.901c6ea8
	ModLauncher launch target: forgeclient
	ModLauncher services: 
		sponge-mixin-0.15.2+mixin.0.8.7.jar mixin PLUGINSERVICE 
		loader-4.0.42.jar slf4jfixer PLUGINSERVICE 
		loader-4.0.42.jar runtime_enum_extender PLUGINSERVICE 
		at-modlauncher-10.0.1.jar accesstransformer PLUGINSERVICE 
		loader-4.0.42.jar runtimedistcleaner PLUGINSERVICE 
		modlauncher-11.0.5.jar mixin TRANSFORMATIONSERVICE 
		modlauncher-11.0.5.jar fml TRANSFORMATIONSERVICE 
		modlauncher-11.0.5.jar customskinloader-bootstrap TRANSFORMATIONSERVICE 
	FML Language Providers: 
		kotlinforforge@5.10.0
		javafml@4.0
		lowcodefml@4.0
		minecraft@4.0
	Mod List: 
		accessible-step-neoforge-mc1.21.1-2.2.2+1.21.1.jar|Accessible Step               |accessible_step               |2.2.2+1.21.1        |Manifest: NOSIGNATURE
		bookshelf-neoforge-1.21.1-21.1.81.jar             |Bookshelf                     |bookshelf                     |21.1.81             |Manifest: NOSIGNATURE
		cameraoverhaulneoforge-1.1-1.21.jar               |CameraOverhaulNeoForge        |cameraoverhaulneoforge        |1.1-1.21            |Manifest: NOSIGNATURE
		cbraddon-0.5.5-neoforge-1.21.1.jar                |CBR addon                     |cbraddon                      |0.5.5               |Manifest: NOSIGNATURE
		cbramachinemax-0.5.6-neoforge-1.21.1.jar          |CBR Addon: MachineMax         |cbramachinemax                |0.5.6               |Manifest: NOSIGNATURE
		cbrantisea-0.5.5-dev1-neoforge-1.21.1.jar         |CBR Anti-sea                  |cbrantisea                    |0.5.5-dev1          |Manifest: NOSIGNATURE
		cgcclegacyitem-26.9.19-neoforge-1.21.x.jar        |CGC Compat: LegacyItem        |cgcclegacyitem                |26.9.19             |Manifest: NOSIGNATURE
		cgccmachinemax-0.0.12.3-neoforge-1.21.1.jar       |CGC Compat: MachineMax        |cgccmachinemax                |0.0.12.3            |Manifest: NOSIGNATURE
		cgccpackloader-26.9.1-neoforge-1.21.1.jar         |CGC Compat: PackLoader        |cgccpackloader                |26.9.1              |Manifest: NOSIGNATURE
		cgccshader-26.9.19-neoforge-1.21.1.jar            |CGC Compat: Shader            |cgccshader                    |26.9.19             |Manifest: NOSIGNATURE
		cgcconfig-26.9.19-neoforge-1.21.x.jar             |CGC Config Addon              |cgcconfig                     |26.9.19             |Manifest: NOSIGNATURE
		chat_heads-0.15.7-neoforge-1.21.jar               |Chat Heads                    |chat_heads                    |0.15.7              |Manifest: NOSIGNATURE
		chatanimation-neoforge-1.3.3+mc1.21.jar           |ChatAnimation                 |chatanimation                 |1.3.3               |Manifest: NOSIGNATURE
		cloth-config-15.0.140-neoforge.jar                |Cloth Config v15 API          |cloth_config                  |15.0.140            |Manifest: NOSIGNATURE
		common-networking-neoforge-1.0.21-1.21.1.jar      |Common Networking             |commonnetworking              |1.0.21-1.21.1       |Manifest: NOSIGNATURE
		Controlling-neoforge-1.21.1-19.0.5.jar            |Controlling                   |controlling                   |19.0.5              |Manifest: NOSIGNATURE
		CreativeCore_NEOFORGE_v2.13.48_mc1.21.1.jar       |CreativeCore                  |creativecore                  |2.13.48             |Manifest: NOSIGNATURE
		cupboard-1.21.1-4.2.jar                           |Cupboard mod                  |cupboard                      |4.2                 |Manifest: NOSIGNATURE
		battleroyale-0.5.6-neoforge-1.21.1.jar            |Custom BattleRoyale           |battleroyale                  |0.5.6               |Manifest: NOSIGNATURE
		customgun-26.9.19-neoforge-1.21.1.jar             |Custom Gun Continued          |customgun                     |26.9.19             |Manifest: NOSIGNATURE
		CustomSkinLoader-Common.jar                       |CustomSkinLoader              |customskinloader              |15.0.1              |Manifest: NOSIGNATURE
		emlib-1.0.2+1.21-neoforge-SNAPSHOT.jar            |EmLib                         |emlib                         |1.0.2               |Manifest: NOSIGNATURE
		[实体渲染机制优化] entityculling-neoforge-1.11.2-mc1.21.1.|EntityCulling                 |entityculling                 |1.11.2              |Manifest: NOSIGNATURE
		fabric-api-base-0.4.42+d1308ded19.jar             |Forgified Fabric API Base     |fabric_api_base               |0.4.42+d1308ded19   |Manifest: NOSIGNATURE
		fabric-block-view-api-v2-1.0.10+9afaaf8c19.jar    |Forgified Fabric BlockView API|fabric_block_view_api_v2      |1.0.10+9afaaf8c19   |Manifest: NOSIGNATURE
		fabric-renderer-api-v1-3.4.1+9125b6dc19.jar       |Forgified Fabric Renderer API |fabric_renderer_api_v1        |3.4.1+9125b6dc19    |Manifest: NOSIGNATURE
		fabric-rendering-data-attachment-v1-0.3.48+73761d2|Forgified Fabric Rendering Dat|fabric_rendering_data_attachme|0.3.48+73761d2e19   |Manifest: NOSIGNATURE
		gliders-1.21.1-neoforge-1.1.8.jar                 |Gliders                       |vc_gliders                    |1.1.8               |Manifest: NOSIGNATURE
		gpumemleakfix-1.21-1.8.jar                        |Gpu memory leak fix           |gpumemleakfix                 |1.8                 |Manifest: NOSIGNATURE
		[输入法冲突修复] IMBlocker-5.6.1-neoforge+1.20.6-1.21.8.j|IMBlocker                     |imblocker                     |5.6.1               |Manifest: NOSIGNATURE
		invtweaks-1.21.1-1.3.2.jar                        |Inventory Tweaks Refoxed      |invtweaks                     |1.21.1-1.3.2        |Manifest: NOSIGNATURE
		iris-neoforge-1.8.14-beta.1+mc1.21.1.jar          |Iris                          |iris                          |1.8.14-beta.1+mc1.21|Manifest: NOSIGNATURE
		ItemPhysic_NEOFORGE_v1.8.14_mc1.21.1.jar          |ItemPhysic                    |itemphysic                    |1.8.14              |Manifest: NOSIGNATURE
		[玉 🔍] Jade-1.21.1-NeoForge-15.10.6.jar           |Jade                          |jade                          |15.10.6+neoforge    |Manifest: NOSIGNATURE
		journeymap-neoforge-1.21.1-6.0.9.jar              |Journeymap                    |journeymap                    |1.21.1-6.0.9        |Manifest: NOSIGNATURE
		journeymap-api-neoforge-2.0.0-1.21.1.jar          |JourneyMap API                |journeymap_api                |2.0.0-1.21.1        |Manifest: NOSIGNATURE
		Kiwi-1.21.1-NeoForge-15.8.7.jar                   |Kiwi Library                  |kiwi                          |15.8.7+neoforge     |Manifest: NOSIGNATURE
		thedarkcolour.kffmod-5.10.0.jar                   |Kotlin For Forge              |kotlinforforge                |5.10.0              |Manifest: NOSIGNATURE
		[锂] lithium-neoforge-0.15.4+mc1.21.1.jar          |Lithium                       |lithium                       |0.15.4+mc1.21.1     |Manifest: NOSIGNATURE
		LongerChatHistory-neoforge-1.7.jar                |Longer Chat History           |longerchathistory             |1.7                 |Manifest: NOSIGNATURE
		MachineMax-1.21.1-1.0.1-beta.1.jar                |Machine Max                   |machine_max                   |1.0.1-beta.1        |Manifest: NOSIGNATURE
		client-1.21.1-20240808.144430-srg.jar             |Minecraft                     |minecraft                     |1.21.1              |Manifest: a1:d4:5e:04:4f:d3:d6:e0:7b:37:97:cf:77:b0:de:ad:4a:47:ce:8c:96:49:5f:0a:cf:8c:ae:b2:6d:4b:8a:3f
		ModernUI-NeoForge-1.21.1-3.13.0.1-universal.jar   |Modern UI                     |modernui                      |3.13.0.1            |Manifest: 01:c4:52:25:b1:6e:5f:ac:fe:88:35:7e:cf:65:2f:69:1d:56:db:2b:93:f8:dd:7c:93:47:04:8c:e4:22:13:91
		modernfix-neoforge-5.27.24+mc1.21.1.jar           |ModernFix                     |modernfix                     |5.27.24+mc1.21.1    |Manifest: NOSIGNATURE
		MouseTweaks-neoforge-mc1.21-2.26.1.jar            |Mouse Tweaks                  |mousetweaks                   |2.26.1              |Manifest: NOSIGNATURE
		neoforge-21.1.219-universal.jar                   |NeoForge                      |neoforge                      |21.1.219            |Manifest: NOSIGNATURE
		nospread-1.1.jar                                  |NoSpread Continued            |nospread                      |1.1.0               |Manifest: NOSIGNATURE
		PassableFoliage-1.21.1-NeoForge-9.3.2.jar         |Passable Foliage              |passablefoliage               |9.3.2+neoforge      |Manifest: NOSIGNATURE
		physics-mod-3.0.34-mc-1.21.1-neoforge.jar         |Physics Mod                   |physicsmod                    |3.0.34              |Manifest: NOSIGNATURE
		PickUpNotifier-v21.1.1-1.21.1-NeoForge.jar        |Pick Up Notifier              |pickupnotifier                |21.1.1              |Manifest: NOSIGNATURE
		playeranimator-658587-6024462.jar                 |Player Animator               |playeranimator                |2.0.1+1.21.1        |Manifest: NOSIGNATURE
		PlayerRevive_NEOFORGE_v2.1.2_mc1.21.1.jar         |PlayerRevive                  |playerrevive                  |2.1.2               |Manifest: NOSIGNATURE
		prickle-neoforge-1.21.1-21.1.11.jar               |PrickleMC                     |prickle                       |21.1.11             |Manifest: NOSIGNATURE
		PuzzlesLib-v21.1.60-mc1.21.1-NeoForge.jar         |Puzzles Lib                   |puzzleslib                    |21.1.60             |Manifest: NOSIGNATURE
		reeses-sodium-options-neoforge-2.2.4+mc1.21.1.jar |Reese's Sodium Options        |reeses_sodium_options         |2.2.4+mc1.21.1      |Manifest: NOSIGNATURE
		reforgedplaymod-1.21.1-0.3.jar                    |ReForgedPlay Mod              |reforgedplaymod               |0.3                 |Manifest: NOSIGNATURE
		Searchables-neoforge-1.21.1-1.0.2.jar             |Searchables                   |searchables                   |1.0.2               |Manifest: NOSIGNATURE
		ShoulderSurfing-NeoForge-1.21.1-5.1.1.jar         |Shoulder Surfing Reloaded     |shouldersurfing               |1.21.1-5.1.1        |Manifest: NOSIGNATURE
		smoothswapping-0.9.3.2-1.21.1-neoforge.jar        |Smooth Swapping               |smoothswapping                |0.9.3.2             |Manifest: NOSIGNATURE
		smoothchunk-1.21-4.1.jar                          |Smoothchunk mod               |smoothchunk                   |4.1                 |Manifest: NOSIGNATURE
		net.caffeinemc.sodium-neoforge-0.8.13+mc1.21.1-mod|Sodium                        |sodium                        |0.8.13+mc1.21.1     |Manifest: NOSIGNATURE
		sodiumdynamiclights-neoforge-1.0.10-1.21.1.jar    |Sodium Dynamic Lights         |sodiumdynamiclights           |1.0.9               |Manifest: NOSIGNATURE
		sound-physics-remastered-neoforge-1.21.1-1.5.1.jar|Sound Physics Remastered      |sound_physics_remastered      |1.21.1-1.5.1        |Manifest: NOSIGNATURE
		SparkCore-1.21.1-neoforge-1.0.1023.jar            |Spark Core                    |spark_core                    |1.0.1023            |Manifest: NOSIGNATURE
		armorscaling-0.5.4-customgun-neoforge-1.21.1.jar  |TaCZ Armor Scaling (CGC)      |armorscaling                  |0.5.4-customgun     |Manifest: NOSIGNATURE
		io.github.sweetzonzi.terminal_ballistics-1.21.1-1.|Terminal Ballistics           |terminal_ballistics           |1.0-SNAPSHOT        |Manifest: NOSIGNATURE
		tramplenomore-neoforge-1.21.1-21.1.2.jar          |TrampleNoMore                 |tramplenomore                 |21.1.2              |Manifest: NOSIGNATURE
		TRansition-1.0.25-1.21.1-neoforge-SNAPSHOT.jar    |TRansition                    |transition                    |1.0.25              |Manifest: NOSIGNATURE
		TRender-1.0.17-1.21.1-neoforge-SNAPSHOT.jar       |TRender                       |trender                       |1.0.17              |Manifest: NOSIGNATURE
		worldedit-mod-7.3.8.jar                           |WorldEdit                     |worldedit                     |7.3.8+6939-7d32b45  |Manifest: NOSIGNATURE
	Crash Report UUID: 083f3da5-8353-4344-91ee-f532d4197af7
	FML: 4.0.42
	NeoForge: 21.1.219
[259月2026 16:24:57.766] [Render thread/ERROR] [net.minecraft.client.Minecraft/FATAL]: Reported exception thrown!
net.minecraft.ReportedException: Rendering overlay
	at TRANSFORMER/minecraft@1.21.1/net.minecraft.client.renderer.GameRenderer.render(GameRenderer.java:1086) ~[client-1.21.1-20240808.144430-srg.jar%23247!/:?]
	at TRANSFORMER/minecraft@1.21.1/net.minecraft.client.Minecraft.runTick(Minecraft.java:1195) ~[client-1.21.1-20240808.144430-srg.jar%23247!/:?]
	at TRANSFORMER/minecraft@1.21.1/net.minecraft.client.Minecraft.run(Minecraft.java:807) ~[client-1.21.1-20240808.144430-srg.jar%23247!/:?]
	at TRANSFORMER/minecraft@1.21.1/net.minecraft.client.main.Main.main(Main.java:230) ~[client-1.21.1-20240808.144430-srg.jar%23247!/:?]
	at java.base/jdk.internal.reflect.DirectMethodHandleAccessor.invoke(DirectMethodHandleAccessor.java:103) ~[?:?]
	at java.base/java.lang.reflect.Method.invoke(Method.java:580) ~[?:?]
	at MC-BOOTSTRAP/fml_loader@4.0.42/net.neoforged.fml.loading.targets.CommonLaunchHandler.runTarget(CommonLaunchHandler.java:136) ~[loader-4.0.42.jar%23161!/:4.0]
	at MC-BOOTSTRAP/fml_loader@4.0.42/net.neoforged.fml.loading.targets.CommonLaunchHandler.clientService(CommonLaunchHandler.java:124) ~[loader-4.0.42.jar%23161!/:4.0]
	at MC-BOOTSTRAP/fml_loader@4.0.42/net.neoforged.fml.loading.targets.CommonClientLaunchHandler.runService(CommonClientLaunchHandler.java:32) ~[loader-4.0.42.jar%23161!/:4.0]
	at MC-BOOTSTRAP/fml_loader@4.0.42/net.neoforged.fml.loading.targets.CommonLaunchHandler.lambda$launchService$4(CommonLaunchHandler.java:118) ~[loader-4.0.42.jar%23161!/:4.0]
	at MC-BOOTSTRAP/cpw.mods.modlauncher@11.0.5/cpw.mods.modlauncher.LaunchServiceHandlerDecorator.launch(LaunchServiceHandlerDecorator.java:30) [modlauncher-11.0.5.jar%23166!/:?]
	at MC-BOOTSTRAP/cpw.mods.modlauncher@11.0.5/cpw.mods.modlauncher.LaunchServiceHandler.launch(LaunchServiceHandler.java:53) [modlauncher-11.0.5.jar%23166!/:?]
	at MC-BOOTSTRAP/cpw.mods.modlauncher@11.0.5/cpw.mods.modlauncher.LaunchServiceHandler.launch(LaunchServiceHandler.java:71) [modlauncher-11.0.5.jar%23166!/:?]
	at MC-BOOTSTRAP/cpw.mods.modlauncher@11.0.5/cpw.mods.modlauncher.Launcher.run(Launcher.java:103) [modlauncher-11.0.5.jar%23166!/:?]
	at MC-BOOTSTRAP/cpw.mods.modlauncher@11.0.5/cpw.mods.modlauncher.Launcher.main(Launcher.java:74) [modlauncher-11.0.5.jar%23166!/:?]
	at MC-BOOTSTRAP/cpw.mods.modlauncher@11.0.5/cpw.mods.modlauncher.BootstrapLaunchConsumer.accept(BootstrapLaunchConsumer.java:26) [modlauncher-11.0.5.jar%23166!/:?]
	at MC-BOOTSTRAP/cpw.mods.modlauncher@11.0.5/cpw.mods.modlauncher.BootstrapLaunchConsumer.accept(BootstrapLaunchConsumer.java:23) [modlauncher-11.0.5.jar%23166!/:?]
	at cpw.mods.bootstraplauncher@2.0.2/cpw.mods.bootstraplauncher.BootstrapLauncher.run(BootstrapLauncher.java:210) [bootstraplauncher-2.0.2.jar:?]
	at cpw.mods.bootstraplauncher@2.0.2/cpw.mods.bootstraplauncher.BootstrapLauncher.main(BootstrapLauncher.java:69) [bootstraplauncher-2.0.2.jar:?]
Caused by: java.lang.RuntimeException: Sodium's config could not be found; the game is in a broken state most likely caused by an earlier error from another mod. Please check the game log (latest.log) for any errors first instead of reporting this as a Sodium-related crash.
	at TRANSFORMER/sodium@0.8.13+mc1.21.1/net.caffeinemc.mods.sodium.client.config.ConfigManager.registerConfigs(ConfigManager.java:119) ~[net.caffeinemc.sodium-neoforge-0.8.13+mc1.21.1-mod.jar%23249!/:?]
	at TRANSFORMER/sodium@0.8.13+mc1.21.1/net.caffeinemc.mods.sodium.client.config.ConfigManager.registerConfigsLate(ConfigManager.java:76) ~[net.caffeinemc.sodium-neoforge-0.8.13+mc1.21.1-mod.jar%23249!/:?]
	at TRANSFORMER/minecraft@1.21.1/net.minecraft.client.Minecraft.handler$bpd000$sodium$postInit(Minecraft.java:13570) ~[client-1.21.1-20240808.144430-srg.jar%23247!/:?]
	at TRANSFORMER/minecraft@1.21.1/net.minecraft.client.Minecraft.buildInitialScreens(Minecraft.java:675) ~[client-1.21.1-20240808.144430-srg.jar%23247!/:?]
	at TRANSFORMER/minecraft@1.21.1/net.minecraft.client.Minecraft.onGameLoadFinished(Minecraft.java:646) ~[client-1.21.1-20240808.144430-srg.jar%23247!/:?]
	at TRANSFORMER/minecraft@1.21.1/net.minecraft.client.Minecraft.onResourceLoadFinished(Minecraft.java:641) ~[client-1.21.1-20240808.144430-srg.jar%23247!/:?]
	at TRANSFORMER/minecraft@1.21.1/net.minecraft.client.Minecraft.lambda$new$7(Minecraft.java:629) ~[client-1.21.1-20240808.144430-srg.jar%23247!/:?]
	at TRANSFORMER/minecraft@1.21.1/net.minecraft.Util.ifElse(Util.java:513) ~[client-1.21.1-20240808.144430-srg.jar%23247!/:?]
	at TRANSFORMER/minecraft@1.21.1/net.minecraft.client.Minecraft.lambda$new$8(Minecraft.java:623) ~[client-1.21.1-20240808.144430-srg.jar%23247!/:?]
	at TRANSFORMER/neoforge@21.1.219/net.neoforged.neoforge.client.loading.NeoForgeLoadingOverlay.render(NeoForgeLoadingOverlay.java:145) ~[neoforge-21.1.219-universal.jar%23248!/:?]
	at TRANSFORMER/minecraft@1.21.1/net.minecraft.client.renderer.GameRenderer.render(GameRenderer.java:1081) ~[client-1.21.1-20240808.144430-srg.jar%23247!/:?]
	... 18 more
[259月2026 16:24:59.838] [Render thread/FATAL] [net.neoforged.neoforge.common.NeoForgeMod/]: Preparing crash report with UUID d48dec1d-4830-49df-888a-4e8d35cce79c
[259月2026 16:24:59.840] [Render thread/INFO] [STDOUT/]: [net.minecraft.server.Bootstrap:realStdoutPrintln:135]: ---- Minecraft Crash Report ----
// This doesn't make any sense!

Time: 2026-09-25 16:24:59
Description: Rendering overlay

java.lang.RuntimeException: Sodium's config could not be found; the game is in a broken state most likely caused by an earlier error from another mod. Please check the game log (latest.log) for any errors first instead of reporting this as a Sodium-related crash.
	at TRANSFORMER/sodium@0.8.13+mc1.21.1/net.caffeinemc.mods.sodium.client.config.ConfigManager.registerConfigs(ConfigManager.java:119) ~[net.caffeinemc.sodium-neoforge-0.8.13+mc1.21.1-mod.jar%23249!/:?] {re:mixin,re:classloading}
	at TRANSFORMER/sodium@0.8.13+mc1.21.1/net.caffeinemc.mods.sodium.client.config.ConfigManager.registerConfigsLate(ConfigManager.java:76) ~[net.caffeinemc.sodium-neoforge-0.8.13+mc1.21.1-mod.jar%23249!/:?] {re:mixin,re:classloading}
	at TRANSFORMER/minecraft@1.21.1/net.minecraft.client.Minecraft.handler$bpd000$sodium$postInit(Minecraft.java:13570) ~[client-1.21.1-20240808.144430-srg.jar%23247!/:?] {re:mixin,pl:accesstransformer:B,pl:runtimedistcleaner:A,re:classloading,pl:accesstransformer:B,pl:mixin:APP:mixins.modernui-neoforge.json:MixinMinecraft from mod modernui,pl:mixin:APP:lithium-neoforge.mixins.json:startup.MinecraftMixin from mod lithium,pl:mixin:APP:journeymap.mixins.json:client.MinecraftMixin from mod journeymap,pl:mixin:APP:modernfix-modernfix.mixins.json:perf.dedicated_reload_executor.MinecraftMixin from mod modernfix,pl:mixin:APP:modernfix-modernfix.mixins.json:perf.encoder_cache_leak.MinecraftMixin from mod modernfix,pl:mixin:APP:modernfix-modernfix.mixins.json:perf.suspend_integrated_server_during_load.MinecraftMixin from mod modernfix,pl:mixin:APP:modernfix-modernfix.mixins.json:bugfix.world_leaks.MinecraftMixin from mod modernfix,pl:mixin:APP:modernfix-modernfix.mixins.json:feature.measure_time.MinecraftMixin from mod modernfix,pl:mixin:APP:modernfix-modernfix.mixins.json:feature.measure_time.MinecraftMixin_Forge from mod modernfix,pl:mixin:APP:emlib.mixins.json:MinecraftMixin from mod emlib,pl:mixin:APP:mixins.core.replaymod.json:MixinMinecraft from mod reforgedplaymod,pl:mixin:APP:mixins.core.replaymod.json:MinecraftAccessor from mod reforgedplaymod,pl:mixin:APP:mixins.jgui.json:Mixin_PassEvents_HandleKeybinds from mod reforgedplaymod,pl:mixin:APP:mixins.jgui.json:MixinMinecraft from mod reforgedplaymod,pl:mixin:APP:mixins.render.replaymod.json:Mixin_SuppressFramebufferResizeDuringRender from mod reforgedplaymod,pl:mixin:APP:mixins.replay.replaymod.json:Mixin_HandleInputsInReplay from mod reforgedplaymod,pl:mixin:APP:mixins.iris.json:MixinMinecraft_Images from mod iris,pl:mixin:APP:mixins.iris.json:MixinMinecraft_Keybinds from mod iris,pl:mixin:APP:mixins.iris.json:MixinMinecraft_PipelineManagement from mod iris,pl:mixin:APP:bookshelf.mixins.json:access.client.AccessorMinecraft from mod bookshelf,pl:mixin:APP:pickupnotifier.common.mixins.json:client.MinecraftMixin from mod pickupnotifier,pl:mixin:APP:sodium-common.mixins.json:core.MinecraftMixin from mod sodium,pl:mixin:APP:sodium-neoforge.mixins.json:platform.neoforge.EntrypointMixin from mod sodium,pl:mixin:APP:mixins.sodiumdynamiclights.json:MinecraftClientMixin from mod sodiumdynamiclights,pl:mixin:APP:physicsmod.mixins.json:MixinMinecraft from mod physicsmod,pl:mixin:APP:physicsmod.mixins.json:cloth.MixinMinecraft from mod physicsmod,pl:mixin:APP:physicsmod.mixins.json:fabricapi.MixinMinecraft from mod physicsmod,pl:mixin:APP:entityculling.mixins.json:DebugScreenEntriesAccessor from mod entityculling,pl:mixin:APP:entityculling.mixins.json:LivingEntityRendererAccessor from mod entityculling,pl:mixin:APP:transition.mixins.json:EntityRenderStateMixin from mod transition,pl:mixin:APP:transition.mixins.json:EntityRendererMixin from mod transition,pl:mixin:APP:transition.mixins.json:BlockEntityRenderStateMixin from mod transition,pl:mixin:APP:transition.mixins.json:MinecraftMixin from mod transition,pl:mixin:APP:itemphysic.mixins.json:MinecraftMixin from mod itemphysic,pl:mixin:APP:playerrevive.mixins.json:MinecraftAccessor from mod playerrevive,pl:mixin:APP:sound_physics_remastered.mixins.json:MinecraftMixin from mod (unknown),pl:mixin:APP:imblocker-neoforge.mixins.json:MinecraftClientMixin from mod imblocker,pl:mixin:APP:modernfix-modernfix.mixins.json:feature.remove_telemetry.MinecraftMixin_Telemetry from mod modernfix,pl:mixin:A,pl:runtimedistcleaner:A}
	at TRANSFORMER/minecraft@1.21.1/net.minecraft.client.Minecraft.buildInitialScreens(Minecraft.java:675) ~[client-1.21.1-20240808.144430-srg.jar%23247!/:?] {re:mixin,pl:accesstransformer:B,pl:runtimedistcleaner:A,re:classloading,pl:accesstransformer:B,pl:mixin:APP:mixins.modernui-neoforge.json:MixinMinecraft from mod modernui,pl:mixin:APP:lithium-neoforge.mixins.json:startup.MinecraftMixin from mod lithium,pl:mixin:APP:journeymap.mixins.json:client.MinecraftMixin from mod journeymap,pl:mixin:APP:modernfix-modernfix.mixins.json:perf.dedicated_reload_executor.MinecraftMixin from mod modernfix,pl:mixin:APP:modernfix-modernfix.mixins.json:perf.encoder_cache_leak.MinecraftMixin from mod modernfix,pl:mixin:APP:modernfix-modernfix.mixins.json:perf.suspend_integrated_server_during_load.MinecraftMixin from mod modernfix,pl:mixin:APP:modernfix-modernfix.mixins.json:bugfix.world_leaks.MinecraftMixin from mod modernfix,pl:mixin:APP:modernfix-modernfix.mixins.json:feature.measure_time.MinecraftMixin from mod modernfix,pl:mixin:APP:modernfix-modernfix.mixins.json:feature.measure_time.MinecraftMixin_Forge from mod modernfix,pl:mixin:APP:emlib.mixins.json:MinecraftMixin from mod emlib,pl:mixin:APP:mixins.core.replaymod.json:MixinMinecraft from mod reforgedplaymod,pl:mixin:APP:mixins.core.replaymod.json:MinecraftAccessor from mod reforgedplaymod,pl:mixin:APP:mixins.jgui.json:Mixin_PassEvents_HandleKeybinds from mod reforgedplaymod,pl:mixin:APP:mixins.jgui.json:MixinMinecraft from mod reforgedplaymod,pl:mixin:APP:mixins.render.replaymod.json:Mixin_SuppressFramebufferResizeDuringRender from mod reforgedplaymod,pl:mixin:APP:mixins.replay.replaymod.json:Mixin_HandleInputsInReplay from mod reforgedplaymod,pl:mixin:APP:mixins.iris.json:MixinMinecraft_Images from mod iris,pl:mixin:APP:mixins.iris.json:MixinMinecraft_Keybinds from mod iris,pl:mixin:APP:mixins.iris.json:MixinMinecraft_PipelineManagement from mod iris,pl:mixin:APP:bookshelf.mixins.json:access.client.AccessorMinecraft from mod bookshelf,pl:mixin:APP:pickupnotifier.common.mixins.json:client.MinecraftMixin from mod pickupnotifier,pl:mixin:APP:sodium-common.mixins.json:core.MinecraftMixin from mod sodium,pl:mixin:APP:sodium-neoforge.mixins.json:platform.neoforge.EntrypointMixin from mod sodium,pl:mixin:APP:mixins.sodiumdynamiclights.json:MinecraftClientMixin from mod sodiumdynamiclights,pl:mixin:APP:physicsmod.mixins.json:MixinMinecraft from mod physicsmod,pl:mixin:APP:physicsmod.mixins.json:cloth.MixinMinecraft from mod physicsmod,pl:mixin:APP:physicsmod.mixins.json:fabricapi.MixinMinecraft from mod physicsmod,pl:mixin:APP:entityculling.mixins.json:DebugScreenEntriesAccessor from mod entityculling,pl:mixin:APP:entityculling.mixins.json:LivingEntityRendererAccessor from mod entityculling,pl:mixin:APP:transition.mixins.json:EntityRenderStateMixin from mod transition,pl:mixin:APP:transition.mixins.json:EntityRendererMixin from mod transition,pl:mixin:APP:transition.mixins.json:BlockEntityRenderStateMixin from mod transition,pl:mixin:APP:transition.mixins.json:MinecraftMixin from mod transition,pl:mixin:APP:itemphysic.mixins.json:MinecraftMixin from mod itemphysic,pl:mixin:APP:playerrevive.mixins.json:MinecraftAccessor from mod playerrevive,pl:mixin:APP:sound_physics_remastered.mixins.json:MinecraftMixin from mod (unknown),pl:mixin:APP:imblocker-neoforge.mixins.json:MinecraftClientMixin from mod imblocker,pl:mixin:APP:modernfix-modernfix.mixins.json:feature.remove_telemetry.MinecraftMixin_Telemetry from mod modernfix,pl:mixin:A,pl:runtimedistcleaner:A}
	at TRANSFORMER/minecraft@1.21.1/net.minecraft.client.Minecraft.onGameLoadFinished(Minecraft.java:646) ~[client-1.21.1-20240808.144430-srg.jar%23247!/:?] {re:mixin,pl:accesstransformer:B,pl:runtimedistcleaner:A,re:classloading,pl:accesstransformer:B,pl:mixin:APP:mixins.modernui-neoforge.json:MixinMinecraft from mod modernui,pl:mixin:APP:lithium-neoforge.mixins.json:startup.MinecraftMixin from mod lithium,pl:mixin:APP:journeymap.mixins.json:client.MinecraftMixin from mod journeymap,pl:mixin:APP:modernfix-modernfix.mixins.json:perf.dedicated_reload_executor.MinecraftMixin from mod modernfix,pl:mixin:APP:modernfix-modernfix.mixins.json:perf.encoder_cache_leak.MinecraftMixin from mod modernfix,pl:mixin:APP:modernfix-modernfix.mixins.json:perf.suspend_integrated_server_during_load.MinecraftMixin from mod modernfix,pl:mixin:APP:modernfix-modernfix.mixins.json:bugfix.world_leaks.MinecraftMixin from mod modernfix,pl:mixin:APP:modernfix-modernfix.mixins.json:feature.measure_time.MinecraftMixin from mod modernfix,pl:mixin:APP:modernfix-modernfix.mixins.json:feature.measure_time.MinecraftMixin_Forge from mod modernfix,pl:mixin:APP:emlib.mixins.json:MinecraftMixin from mod emlib,pl:mixin:APP:mixins.core.replaymod.json:MixinMinecraft from mod reforgedplaymod,pl:mixin:APP:mixins.core.replaymod.json:MinecraftAccessor from mod reforgedplaymod,pl:mixin:APP:mixins.jgui.json:Mixin_PassEvents_HandleKeybinds from mod reforgedplaymod,pl:mixin:APP:mixins.jgui.json:MixinMinecraft from mod reforgedplaymod,pl:mixin:APP:mixins.render.replaymod.json:Mixin_SuppressFramebufferResizeDuringRender from mod reforgedplaymod,pl:mixin:APP:mixins.replay.replaymod.json:Mixin_HandleInputsInReplay from mod reforgedplaymod,pl:mixin:APP:mixins.iris.json:MixinMinecraft_Images from mod iris,pl:mixin:APP:mixins.iris.json:MixinMinecraft_Keybinds from mod iris,pl:mixin:APP:mixins.iris.json:MixinMinecraft_PipelineManagement from mod iris,pl:mixin:APP:bookshelf.mixins.json:access.client.AccessorMinecraft from mod bookshelf,pl:mixin:APP:pickupnotifier.common.mixins.json:client.MinecraftMixin from mod pickupnotifier,pl:mixin:APP:sodium-common.mixins.json:core.MinecraftMixin from mod sodium,pl:mixin:APP:sodium-neoforge.mixins.json:platform.neoforge.EntrypointMixin from mod sodium,pl:mixin:APP:mixins.sodiumdynamiclights.json:MinecraftClientMixin from mod sodiumdynamiclights,pl:mixin:APP:physicsmod.mixins.json:MixinMinecraft from mod physicsmod,pl:mixin:APP:physicsmod.mixins.json:cloth.MixinMinecraft from mod physicsmod,pl:mixin:APP:physicsmod.mixins.json:fabricapi.MixinMinecraft from mod physicsmod,pl:mixin:APP:entityculling.mixins.json:DebugScreenEntriesAccessor from mod entityculling,pl:mixin:APP:entityculling.mixins.json:LivingEntityRendererAccessor from mod entityculling,pl:mixin:APP:transition.mixins.json:EntityRenderStateMixin from mod transition,pl:mixin:APP:transition.mixins.json:EntityRendererMixin from mod transition,pl:mixin:APP:transition.mixins.json:BlockEntityRenderStateMixin from mod transition,pl:mixin:APP:transition.mixins.json:MinecraftMixin from mod transition,pl:mixin:APP:itemphysic.mixins.json:MinecraftMixin from mod itemphysic,pl:mixin:APP:playerrevive.mixins.json:MinecraftAccessor from mod playerrevive,pl:mixin:APP:sound_physics_remastered.mixins.json:MinecraftMixin from mod (unknown),pl:mixin:APP:imblocker-neoforge.mixins.json:MinecraftClientMixin from mod imblocker,pl:mixin:APP:modernfix-modernfix.mixins.json:feature.remove_telemetry.MinecraftMixin_Telemetry from mod modernfix,pl:mixin:A,pl:runtimedistcleaner:A}
	at TRANSFORMER/minecraft@1.21.1/net.minecraft.client.Minecraft.onResourceLoadFinished(Minecraft.java:641) ~[client-1.21.1-20240808.144430-srg.jar%23247!/:?] {re:mixin,pl:accesstransformer:B,pl:runtimedistcleaner:A,re:classloading,pl:accesstransformer:B,pl:mixin:APP:mixins.modernui-neoforge.json:MixinMinecraft from mod modernui,pl:mixin:APP:lithium-neoforge.mixins.json:startup.MinecraftMixin from mod lithium,pl:mixin:APP:journeymap.mixins.json:client.MinecraftMixin from mod journeymap,pl:mixin:APP:modernfix-modernfix.mixins.json:perf.dedicated_reload_executor.MinecraftMixin from mod modernfix,pl:mixin:APP:modernfix-modernfix.mixins.json:perf.encoder_cache_leak.MinecraftMixin from mod modernfix,pl:mixin:APP:modernfix-modernfix.mixins.json:perf.suspend_integrated_server_during_load.MinecraftMixin from mod modernfix,pl:mixin:APP:modernfix-modernfix.mixins.json:bugfix.world_leaks.MinecraftMixin from mod modernfix,pl:mixin:APP:modernfix-modernfix.mixins.json:feature.measure_time.MinecraftMixin from mod modernfix,pl:mixin:APP:modernfix-modernfix.mixins.json:feature.measure_time.MinecraftMixin_Forge from mod modernfix,pl:mixin:APP:emlib.mixins.json:MinecraftMixin from mod emlib,pl:mixin:APP:mixins.core.replaymod.json:MixinMinecraft from mod reforgedplaymod,pl:mixin:APP:mixins.core.replaymod.json:MinecraftAccessor from mod reforgedplaymod,pl:mixin:APP:mixins.jgui.json:Mixin_PassEvents_HandleKeybinds from mod reforgedplaymod,pl:mixin:APP:mixins.jgui.json:MixinMinecraft from mod reforgedplaymod,pl:mixin:APP:mixins.render.replaymod.json:Mixin_SuppressFramebufferResizeDuringRender from mod reforgedplaymod,pl:mixin:APP:mixins.replay.replaymod.json:Mixin_HandleInputsInReplay from mod reforgedplaymod,pl:mixin:APP:mixins.iris.json:MixinMinecraft_Images from mod iris,pl:mixin:APP:mixins.iris.json:MixinMinecraft_Keybinds from mod iris,pl:mixin:APP:mixins.iris.json:MixinMinecraft_PipelineManagement from mod iris,pl:mixin:APP:bookshelf.mixins.json:access.client.AccessorMinecraft from mod bookshelf,pl:mixin:APP:pickupnotifier.common.mixins.json:client.MinecraftMixin from mod pickupnotifier,pl:mixin:APP:sodium-common.mixins.json:core.MinecraftMixin from mod sodium,pl:mixin:APP:sodium-neoforge.mixins.json:platform.neoforge.EntrypointMixin from mod sodium,pl:mixin:APP:mixins.sodiumdynamiclights.json:MinecraftClientMixin from mod sodiumdynamiclights,pl:mixin:APP:physicsmod.mixins.json:MixinMinecraft from mod physicsmod,pl:mixin:APP:physicsmod.mixins.json:cloth.MixinMinecraft from mod physicsmod,pl:mixin:APP:physicsmod.mixins.json:fabricapi.MixinMinecraft from mod physicsmod,pl:mixin:APP:entityculling.mixins.json:DebugScreenEntriesAccessor from mod entityculling,pl:mixin:APP:entityculling.mixins.json:LivingEntityRendererAccessor from mod entityculling,pl:mixin:APP:transition.mixins.json:EntityRenderStateMixin from mod transition,pl:mixin:APP:transition.mixins.json:EntityRendererMixin from mod transition,pl:mixin:APP:transition.mixins.json:BlockEntityRenderStateMixin from mod transition,pl:mixin:APP:transition.mixins.json:MinecraftMixin from mod transition,pl:mixin:APP:itemphysic.mixins.json:MinecraftMixin from mod itemphysic,pl:mixin:APP:playerrevive.mixins.json:MinecraftAccessor from mod playerrevive,pl:mixin:APP:sound_physics_remastered.mixins.json:MinecraftMixin from mod (unknown),pl:mixin:APP:imblocker-neoforge.mixins.json:MinecraftClientMixin from mod imblocker,pl:mixin:APP:modernfix-modernfix.mixins.json:feature.remove_telemetry.MinecraftMixin_Telemetry from mod modernfix,pl:mixin:A,pl:runtimedistcleaner:A}
	at TRANSFORMER/minecraft@1.21.1/net.minecraft.client.Minecraft.lambda$new$7(Minecraft.java:629) ~[client-1.21.1-20240808.144430-srg.jar%23247!/:?] {re:mixin,pl:accesstransformer:B,pl:runtimedistcleaner:A,re:classloading,pl:accesstransformer:B,pl:mixin:APP:mixins.modernui-neoforge.json:MixinMinecraft from mod modernui,pl:mixin:APP:lithium-neoforge.mixins.json:startup.MinecraftMixin from mod lithium,pl:mixin:APP:journeymap.mixins.json:client.MinecraftMixin from mod journeymap,pl:mixin:APP:modernfix-modernfix.mixins.json:perf.dedicated_reload_executor.MinecraftMixin from mod modernfix,pl:mixin:APP:modernfix-modernfix.mixins.json:perf.encoder_cache_leak.MinecraftMixin from mod modernfix,pl:mixin:APP:modernfix-modernfix.mixins.json:perf.suspend_integrated_server_during_load.MinecraftMixin from mod modernfix,pl:mixin:APP:modernfix-modernfix.mixins.json:bugfix.world_leaks.MinecraftMixin from mod modernfix,pl:mixin:APP:modernfix-modernfix.mixins.json:feature.measure_time.MinecraftMixin from mod modernfix,pl:mixin:APP:modernfix-modernfix.mixins.json:feature.measure_time.MinecraftMixin_Forge from mod modernfix,pl:mixin:APP:emlib.mixins.json:MinecraftMixin from mod emlib,pl:mixin:APP:mixins.core.replaymod.json:MixinMinecraft from mod reforgedplaymod,pl:mixin:APP:mixins.core.replaymod.json:MinecraftAccessor from mod reforgedplaymod,pl:mixin:APP:mixins.jgui.json:Mixin_PassEvents_HandleKeybinds from mod reforgedplaymod,pl:mixin:APP:mixins.jgui.json:MixinMinecraft from mod reforgedplaymod,pl:mixin:APP:mixins.render.replaymod.json:Mixin_SuppressFramebufferResizeDuringRender from mod reforgedplaymod,pl:mixin:APP:mixins.replay.replaymod.json:Mixin_HandleInputsInReplay from mod reforgedplaymod,pl:mixin:APP:mixins.iris.json:MixinMinecraft_Images from mod iris,pl:mixin:APP:mixins.iris.json:MixinMinecraft_Keybinds from mod iris,pl:mixin:APP:mixins.iris.json:MixinMinecraft_PipelineManagement from mod iris,pl:mixin:APP:bookshelf.mixins.json:access.client.AccessorMinecraft from mod bookshelf,pl:mixin:APP:pickupnotifier.common.mixins.json:client.MinecraftMixin from mod pickupnotifier,pl:mixin:APP:sodium-common.mixins.json:core.MinecraftMixin from mod sodium,pl:mixin:APP:sodium-neoforge.mixins.json:platform.neoforge.EntrypointMixin from mod sodium,pl:mixin:APP:mixins.sodiumdynamiclights.json:MinecraftClientMixin from mod sodiumdynamiclights,pl:mixin:APP:physicsmod.mixins.json:MixinMinecraft from mod physicsmod,pl:mixin:APP:physicsmod.mixins.json:cloth.MixinMinecraft from mod physicsmod,pl:mixin:APP:physicsmod.mixins.json:fabricapi.MixinMinecraft from mod physicsmod,pl:mixin:APP:entityculling.mixins.json:DebugScreenEntriesAccessor from mod entityculling,pl:mixin:APP:entityculling.mixins.json:LivingEntityRendererAccessor from mod entityculling,pl:mixin:APP:transition.mixins.json:EntityRenderStateMixin from mod transition,pl:mixin:APP:transition.mixins.json:EntityRendererMixin from mod transition,pl:mixin:APP:transition.mixins.json:BlockEntityRenderStateMixin from mod transition,pl:mixin:APP:transition.mixins.json:MinecraftMixin from mod transition,pl:mixin:APP:itemphysic.mixins.json:MinecraftMixin from mod itemphysic,pl:mixin:APP:playerrevive.mixins.json:MinecraftAccessor from mod playerrevive,pl:mixin:APP:sound_physics_remastered.mixins.json:MinecraftMixin from mod (unknown),pl:mixin:APP:imblocker-neoforge.mixins.json:MinecraftClientMixin from mod imblocker,pl:mixin:APP:modernfix-modernfix.mixins.json:feature.remove_telemetry.MinecraftMixin_Telemetry from mod modernfix,pl:mixin:A,pl:runtimedistcleaner:A}
	at TRANSFORMER/minecraft@1.21.1/net.minecraft.Util.ifElse(Util.java:513) ~[client-1.21.1-20240808.144430-srg.jar%23247!/:?] {re:mixin,pl:accesstransformer:B,re:classloading,pl:accesstransformer:B,pl:mixin:APP:modernfix-modernfix.mixins.json:perf.thread_priorities.UtilMixin from mod modernfix,pl:mixin:A}
	at TRANSFORMER/minecraft@1.21.1/net.minecraft.client.Minecraft.lambda$new$8(Minecraft.java:623) ~[client-1.21.1-20240808.144430-srg.jar%23247!/:?] {re:mixin,pl:accesstransformer:B,pl:runtimedistcleaner:A,re:classloading,pl:accesstransformer:B,pl:mixin:APP:mixins.modernui-neoforge.json:MixinMinecraft from mod modernui,pl:mixin:APP:lithium-neoforge.mixins.json:startup.MinecraftMixin from mod lithium,pl:mixin:APP:journeymap.mixins.json:client.MinecraftMixin from mod journeymap,pl:mixin:APP:modernfix-modernfix.mixins.json:perf.dedicated_reload_executor.MinecraftMixin from mod modernfix,pl:mixin:APP:modernfix-modernfix.mixins.json:perf.encoder_cache_leak.MinecraftMixin from mod modernfix,pl:mixin:APP:modernfix-modernfix.mixins.json:perf.suspend_integrated_server_during_load.MinecraftMixin from mod modernfix,pl:mixin:APP:modernfix-modernfix.mixins.json:bugfix.world_leaks.MinecraftMixin from mod modernfix,pl:mixin:APP:modernfix-modernfix.mixins.json:feature.measure_time.MinecraftMixin from mod modernfix,pl:mixin:APP:modernfix-modernfix.mixins.json:feature.measure_time.MinecraftMixin_Forge from mod modernfix,pl:mixin:APP:emlib.mixins.json:MinecraftMixin from mod emlib,pl:mixin:APP:mixins.core.replaymod.json:MixinMinecraft from mod reforgedplaymod,pl:mixin:APP:mixins.core.replaymod.json:MinecraftAccessor from mod reforgedplaymod,pl:mixin:APP:mixins.jgui.json:Mixin_PassEvents_HandleKeybinds from mod reforgedplaymod,pl:mixin:APP:mixins.jgui.json:MixinMinecraft from mod reforgedplaymod,pl:mixin:APP:mixins.render.replaymod.json:Mixin_SuppressFramebufferResizeDuringRender from mod reforgedplaymod,pl:mixin:APP:mixins.replay.replaymod.json:Mixin_HandleInputsInReplay from mod reforgedplaymod,pl:mixin:APP:mixins.iris.json:MixinMinecraft_Images from mod iris,pl:mixin:APP:mixins.iris.json:MixinMinecraft_Keybinds from mod iris,pl:mixin:APP:mixins.iris.json:MixinMinecraft_PipelineManagement from mod iris,pl:mixin:APP:bookshelf.mixins.json:access.client.AccessorMinecraft from mod bookshelf,pl:mixin:APP:pickupnotifier.common.mixins.json:client.MinecraftMixin from mod pickupnotifier,pl:mixin:APP:sodium-common.mixins.json:core.MinecraftMixin from mod sodium,pl:mixin:APP:sodium-neoforge.mixins.json:platform.neoforge.EntrypointMixin from mod sodium,pl:mixin:APP:mixins.sodiumdynamiclights.json:MinecraftClientMixin from mod sodiumdynamiclights,pl:mixin:APP:physicsmod.mixins.json:MixinMinecraft from mod physicsmod,pl:mixin:APP:physicsmod.mixins.json:cloth.MixinMinecraft from mod physicsmod,pl:mixin:APP:physicsmod.mixins.json:fabricapi.MixinMinecraft from mod physicsmod,pl:mixin:APP:entityculling.mixins.json:DebugScreenEntriesAccessor from mod entityculling,pl:mixin:APP:entityculling.mixins.json:LivingEntityRendererAccessor from mod entityculling,pl:mixin:APP:transition.mixins.json:EntityRenderStateMixin from mod transition,pl:mixin:APP:transition.mixins.json:EntityRendererMixin from mod transition,pl:mixin:APP:transition.mixins.json:BlockEntityRenderStateMixin from mod transition,pl:mixin:APP:transition.mixins.json:MinecraftMixin from mod transition,pl:mixin:APP:itemphysic.mixins.json:MinecraftMixin from mod itemphysic,pl:mixin:APP:playerrevive.mixins.json:MinecraftAccessor from mod playerrevive,pl:mixin:APP:sound_physics_remastered.mixins.json:MinecraftMixin from mod (unknown),pl:mixin:APP:imblocker-neoforge.mixins.json:MinecraftClientMixin from mod imblocker,pl:mixin:APP:modernfix-modernfix.mixins.json:feature.remove_telemetry.MinecraftMixin_Telemetry from mod modernfix,pl:mixin:A,pl:runtimedistcleaner:A}
	at TRANSFORMER/neoforge@21.1.219/net.neoforged.neoforge.client.loading.NeoForgeLoadingOverlay.render(NeoForgeLoadingOverlay.java:145) ~[neoforge-21.1.219-universal.jar%23248!/:?] {re:classloading,re:mixin,pl:mixin:A}
	at TRANSFORMER/minecraft@1.21.1/net.minecraft.client.renderer.GameRenderer.render(GameRenderer.java:1081) ~[client-1.21.1-20240808.144430-srg.jar%23247!/:?] {re:mixin,pl:accesstransformer:B,pl:runtimedistcleaner:A,re:classloading,pl:accesstransformer:B,pl:mixin:APP:mixins.modernui-neoforge.json:MixinGameRenderer from mod modernui,pl:mixin:APP:imblocker-neoforge.mixins.json:IMEOverlayRendererV2 from mod imblocker,pl:mixin:APP:mixins.modernui-textmc.json:MixinGameRenderer from mod modernui,pl:mixin:APP:mixins.compat.shaders.replaymod.json:MixinShaderEntityRenderer from mod reforgedplaymod,pl:mixin:APP:mixins.core.replaymod.json:Mixin_PreRenderHandCallback from mod reforgedplaymod,pl:mixin:APP:mixins.jgui.json:MixinGameRenderer from mod reforgedplaymod,pl:mixin:APP:mixins.render.replaymod.json:Mixin_Omnidirectional_Camera from mod reforgedplaymod,pl:mixin:APP:mixins.render.replaymod.json:Mixin_Omnidirectional_Rotation from mod reforgedplaymod,pl:mixin:APP:mixins.render.replaymod.json:Mixin_PreserveDepthDuringGuiRendering from mod reforgedplaymod,pl:mixin:APP:mixins.render.replaymod.json:Mixin_PreserveDepthDuringHandRendering from mod reforgedplaymod,pl:mixin:APP:mixins.render.replaymod.json:Mixin_Stereoscopic_Camera from mod reforgedplaymod,pl:mixin:APP:mixins.render.replaymod.json:Mixin_Stereoscopic_HandRenderPass from mod reforgedplaymod,pl:mixin:APP:mixins.render.replaymod.json:GameRendererAccessor from mod reforgedplaymod,pl:mixin:APP:mixins.render.replaymod.json:MixinEntityRenderer from mod reforgedplaymod,pl:mixin:APP:mixins.replay.replaymod.json:MixinCamera from mod reforgedplaymod,pl:mixin:APP:mixins.replay.replaymod.json:Mixin_ShowSpectatedHand_NoOF from mod reforgedplaymod,pl:mixin:APP:customgunclient.mixins.json:renderer.GameRendererMixin from mod customgun,pl:mixin:APP:mixins.iris.json:GameRendererAccessor from mod iris,pl:mixin:APP:mixins.iris.json:MixinGameRenderer from mod iris,pl:mixin:APP:mixins.iris.json:MixinModelViewBobbing from mod iris,pl:mixin:APP:sodium-common.mixins.json:features.gui.hooks.console.GameRendererMixin from mod sodium,pl:mixin:APP:physicsmod.mixins.json:MixinGameRenderer from mod physicsmod,pl:mixin:APP:physicsmod.mixins.json:ocean.MixinVSGameRenderer from mod physicsmod,pl:mixin:APP:shouldersurfing.common.mixins.json:GameRendererAccessor from mod shouldersurfing,pl:mixin:APP:shouldersurfing.common.mixins.json:GameRendererMixin from mod shouldersurfing,pl:mixin:APP:machine_max.mixins.json:GameRendererMixin from mod machine_max,pl:mixin:APP:cameraoverhaulneoforge.mixins.json:GameRendererMixin from mod cameraoverhaulneoforge,pl:mixin:APP:playerrevive.mixins.json:GameRendererAccessor from mod playerrevive,pl:mixin:APP:mixins.iris.json:MixinGameRenderer_NightVisionCompat from mod iris,pl:mixin:A,pl:runtimedistcleaner:A}
	at TRANSFORMER/minecraft@1.21.1/net.minecraft.client.Minecraft.runTick(Minecraft.java:1195) ~[client-1.21.1-20240808.144430-srg.jar%23247!/:?] {re:mixin,pl:accesstransformer:B,pl:runtimedistcleaner:A,re:classloading,pl:accesstransformer:B,pl:mixin:APP:mixins.modernui-neoforge.json:MixinMinecraft from mod modernui,pl:mixin:APP:lithium-neoforge.mixins.json:startup.MinecraftMixin from mod lithium,pl:mixin:APP:journeymap.mixins.json:client.MinecraftMixin from mod journeymap,pl:mixin:APP:modernfix-modernfix.mixins.json:perf.dedicated_reload_executor.MinecraftMixin from mod modernfix,pl:mixin:APP:modernfix-modernfix.mixins.json:perf.encoder_cache_leak.MinecraftMixin from mod modernfix,pl:mixin:APP:modernfix-modernfix.mixins.json:perf.suspend_integrated_server_during_load.MinecraftMixin from mod modernfix,pl:mixin:APP:modernfix-modernfix.mixins.json:bugfix.world_leaks.MinecraftMixin from mod modernfix,pl:mixin:APP:modernfix-modernfix.mixins.json:feature.measure_time.MinecraftMixin from mod modernfix,pl:mixin:APP:modernfix-modernfix.mixins.json:feature.measure_time.MinecraftMixin_Forge from mod modernfix,pl:mixin:APP:emlib.mixins.json:MinecraftMixin from mod emlib,pl:mixin:APP:mixins.core.replaymod.json:MixinMinecraft from mod reforgedplaymod,pl:mixin:APP:mixins.core.replaymod.json:MinecraftAccessor from mod reforgedplaymod,pl:mixin:APP:mixins.jgui.json:Mixin_PassEvents_HandleKeybinds from mod reforgedplaymod,pl:mixin:APP:mixins.jgui.json:MixinMinecraft from mod reforgedplaymod,pl:mixin:APP:mixins.render.replaymod.json:Mixin_SuppressFramebufferResizeDuringRender from mod reforgedplaymod,pl:mixin:APP:mixins.replay.replaymod.json:Mixin_HandleInputsInReplay from mod reforgedplaymod,pl:mixin:APP:mixins.iris.json:MixinMinecraft_Images from mod iris,pl:mixin:APP:mixins.iris.json:MixinMinecraft_Keybinds from mod iris,pl:mixin:APP:mixins.iris.json:MixinMinecraft_PipelineManagement from mod iris,pl:mixin:APP:bookshelf.mixins.json:access.client.AccessorMinecraft from mod bookshelf,pl:mixin:APP:pickupnotifier.common.mixins.json:client.MinecraftMixin from mod pickupnotifier,pl:mixin:APP:sodium-common.mixins.json:core.MinecraftMixin from mod sodium,pl:mixin:APP:sodium-neoforge.mixins.json:platform.neoforge.EntrypointMixin from mod sodium,pl:mixin:APP:mixins.sodiumdynamiclights.json:MinecraftClientMixin from mod sodiumdynamiclights,pl:mixin:APP:physicsmod.mixins.json:MixinMinecraft from mod physicsmod,pl:mixin:APP:physicsmod.mixins.json:cloth.MixinMinecraft from mod physicsmod,pl:mixin:APP:physicsmod.mixins.json:fabricapi.MixinMinecraft from mod physicsmod,pl:mixin:APP:entityculling.mixins.json:DebugScreenEntriesAccessor from mod entityculling,pl:mixin:APP:entityculling.mixins.json:LivingEntityRendererAccessor from mod entityculling,pl:mixin:APP:transition.mixins.json:EntityRenderStateMixin from mod transition,pl:mixin:APP:transition.mixins.json:EntityRendererMixin from mod transition,pl:mixin:APP:transition.mixins.json:BlockEntityRenderStateMixin from mod transition,pl:mixin:APP:transition.mixins.json:MinecraftMixin from mod transition,pl:mixin:APP:itemphysic.mixins.json:MinecraftMixin from mod itemphysic,pl:mixin:APP:playerrevive.mixins.json:MinecraftAccessor from mod playerrevive,pl:mixin:APP:sound_physics_remastered.mixins.json:MinecraftMixin from mod (unknown),pl:mixin:APP:imblocker-neoforge.mixins.json:MinecraftClientMixin from mod imblocker,pl:mixin:APP:modernfix-modernfix.mixins.json:feature.remove_telemetry.MinecraftMixin_Telemetry from mod modernfix,pl:mixin:A,pl:runtimedistcleaner:A}
	at TRANSFORMER/minecraft@1.21.1/net.minecraft.client.Minecraft.run(Minecraft.java:807) ~[client-1.21.1-20240808.144430-srg.jar%23247!/:?] {re:mixin,pl:accesstransformer:B,pl:runtimedistcleaner:A,re:classloading,pl:accesstransformer:B,pl:mixin:APP:mixins.modernui-neoforge.json:MixinMinecraft from mod modernui,pl:mixin:APP:lithium-neoforge.mixins.json:startup.MinecraftMixin from mod lithium,pl:mixin:APP:journeymap.mixins.json:client.MinecraftMixin from mod journeymap,pl:mixin:APP:modernfix-modernfix.mixins.json:perf.dedicated_reload_executor.MinecraftMixin from mod modernfix,pl:mixin:APP:modernfix-modernfix.mixins.json:perf.encoder_cache_leak.MinecraftMixin from mod modernfix,pl:mixin:APP:modernfix-modernfix.mixins.json:perf.suspend_integrated_server_during_load.MinecraftMixin from mod modernfix,pl:mixin:APP:modernfix-modernfix.mixins.json:bugfix.world_leaks.MinecraftMixin from mod modernfix,pl:mixin:APP:modernfix-modernfix.mixins.json:feature.measure_time.MinecraftMixin from mod modernfix,pl:mixin:APP:modernfix-modernfix.mixins.json:feature.measure_time.MinecraftMixin_Forge from mod modernfix,pl:mixin:APP:emlib.mixins.json:MinecraftMixin from mod emlib,pl:mixin:APP:mixins.core.replaymod.json:MixinMinecraft from mod reforgedplaymod,pl:mixin:APP:mixins.core.replaymod.json:MinecraftAccessor from mod reforgedplaymod,pl:mixin:APP:mixins.jgui.json:Mixin_PassEvents_HandleKeybinds from mod reforgedplaymod,pl:mixin:APP:mixins.jgui.json:MixinMinecraft from mod reforgedplaymod,pl:mixin:APP:mixins.render.replaymod.json:Mixin_SuppressFramebufferResizeDuringRender from mod reforgedplaymod,pl:mixin:APP:mixins.replay.replaymod.json:Mixin_HandleInputsInReplay from mod reforgedplaymod,pl:mixin:APP:mixins.iris.json:MixinMinecraft_Images from mod iris,pl:mixin:APP:mixins.iris.json:MixinMinecraft_Keybinds from mod iris,pl:mixin:APP:mixins.iris.json:MixinMinecraft_PipelineManagement from mod iris,pl:mixin:APP:bookshelf.mixins.json:access.client.AccessorMinecraft from mod bookshelf,pl:mixin:APP:pickupnotifier.common.mixins.json:client.MinecraftMixin from mod pickupnotifier,pl:mixin:APP:sodium-common.mixins.json:core.MinecraftMixin from mod sodium,pl:mixin:APP:sodium-neoforge.mixins.json:platform.neoforge.EntrypointMixin from mod sodium,pl:mixin:APP:mixins.sodiumdynamiclights.json:MinecraftClientMixin from mod sodiumdynamiclights,pl:mixin:APP:physicsmod.mixins.json:MixinMinecraft from mod physicsmod,pl:mixin:APP:physicsmod.mixins.json:cloth.MixinMinecraft from mod physicsmod,pl:mixin:APP:physicsmod.mixins.json:fabricapi.MixinMinecraft from mod physicsmod,pl:mixin:APP:entityculling.mixins.json:DebugScreenEntriesAccessor from mod entityculling,pl:mixin:APP:entityculling.mixins.json:LivingEntityRendererAccessor from mod entityculling,pl:mixin:APP:transition.mixins.json:EntityRenderStateMixin from mod transition,pl:mixin:APP:transition.mixins.json:EntityRendererMixin from mod transition,pl:mixin:APP:transition.mixins.json:BlockEntityRenderStateMixin from mod transition,pl:mixin:APP:transition.mixins.json:MinecraftMixin from mod transition,pl:mixin:APP:itemphysic.mixins.json:MinecraftMixin from mod itemphysic,pl:mixin:APP:playerrevive.mixins.json:MinecraftAccessor from mod playerrevive,pl:mixin:APP:sound_physics_remastered.mixins.json:MinecraftMixin from mod (unknown),pl:mixin:APP:imblocker-neoforge.mixins.json:MinecraftClientMixin from mod imblocker,pl:mixin:APP:modernfix-modernfix.mixins.json:feature.remove_telemetry.MinecraftMixin_Telemetry from mod modernfix,pl:mixin:A,pl:runtimedistcleaner:A}
	at TRANSFORMER/minecraft@1.21.1/net.minecraft.client.main.Main.main(Main.java:230) ~[client-1.21.1-20240808.144430-srg.jar%23247!/:?] {re:mixin,pl:runtimedistcleaner:A,re:classloading,pl:mixin:APP:physicsmod.mixins.json:MixinMain from mod physicsmod,pl:mixin:A,pl:runtimedistcleaner:A}
	at java.base/jdk.internal.reflect.DirectMethodHandleAccessor.invoke(DirectMethodHandleAccessor.java:103) ~[?:?] {}
	at java.base/java.lang.reflect.Method.invoke(Method.java:580) ~[?:?] {}
	at MC-BOOTSTRAP/fml_loader@4.0.42/net.neoforged.fml.loading.targets.CommonLaunchHandler.runTarget(CommonLaunchHandler.java:136) ~[loader-4.0.42.jar%23161!/:4.0] {}
	at MC-BOOTSTRAP/fml_loader@4.0.42/net.neoforged.fml.loading.targets.CommonLaunchHandler.clientService(CommonLaunchHandler.java:124) ~[loader-4.0.42.jar%23161!/:4.0] {}
	at MC-BOOTSTRAP/fml_loader@4.0.42/net.neoforged.fml.loading.targets.CommonClientLaunchHandler.runService(CommonClientLaunchHandler.java:32) ~[loader-4.0.42.jar%23161!/:4.0] {}
	at MC-BOOTSTRAP/fml_loader@4.0.42/net.neoforged.fml.loading.targets.CommonLaunchHandler.lambda$launchService$4(CommonLaunchHandler.java:118) ~[loader-4.0.42.jar%23161!/:4.0] {}
	at MC-BOOTSTRAP/cpw.mods.modlauncher@11.0.5/cpw.mods.modlauncher.LaunchServiceHandlerDecorator.launch(LaunchServiceHandlerDecorator.java:30) [modlauncher-11.0.5.jar%23166!/:?] {}
	at MC-BOOTSTRAP/cpw.mods.modlauncher@11.0.5/cpw.mods.modlauncher.LaunchServiceHandler.launch(LaunchServiceHandler.java:53) [modlauncher-11.0.5.jar%23166!/:?] {}
	at MC-BOOTSTRAP/cpw.mods.modlauncher@11.0.5/cpw.mods.modlauncher.LaunchServiceHandler.launch(LaunchServiceHandler.java:71) [modlauncher-11.0.5.jar%23166!/:?] {}
	at MC-BOOTSTRAP/cpw.mods.modlauncher@11.0.5/cpw.mods.modlauncher.Launcher.run(Launcher.java:103) [modlauncher-11.0.5.jar%23166!/:?] {}
	at MC-BOOTSTRAP/cpw.mods.modlauncher@11.0.5/cpw.mods.modlauncher.Launcher.main(Launcher.java:74) [modlauncher-11.0.5.jar%23166!/:?] {}
	at MC-BOOTSTRAP/cpw.mods.modlauncher@11.0.5/cpw.mods.modlauncher.BootstrapLaunchConsumer.accept(BootstrapLaunchConsumer.java:26) [modlauncher-11.0.5.jar%23166!/:?] {}
	at MC-BOOTSTRAP/cpw.mods.modlauncher@11.0.5/cpw.mods.modlauncher.BootstrapLaunchConsumer.accept(BootstrapLaunchConsumer.java:23) [modlauncher-11.0.5.jar%23166!/:?] {}
	at cpw.mods.bootstraplauncher@2.0.2/cpw.mods.bootstraplauncher.BootstrapLauncher.run(BootstrapLauncher.java:210) [bootstraplauncher-2.0.2.jar:?] {}
	at cpw.mods.bootstraplauncher@2.0.2/cpw.mods.bootstraplauncher.BootstrapLauncher.main(BootstrapLauncher.java:69) [bootstraplauncher-2.0.2.jar:?] {}


A detailed walkthrough of the error, its code path and all known details is as follows:
---------------------------------------------------------------------------------------

-- Head --
Thread: Render thread
Stacktrace:
	at TRANSFORMER/sodium@0.8.13+mc1.21.1/net.caffeinemc.mods.sodium.client.config.ConfigManager.registerConfigs(ConfigManager.java:119) ~[net.caffeinemc.sodium-neoforge-0.8.13+mc1.21.1-mod.jar%23249!/:?] {re:mixin,re:classloading}
	at TRANSFORMER/sodium@0.8.13+mc1.21.1/net.caffeinemc.mods.sodium.client.config.ConfigManager.registerConfigsLate(ConfigManager.java:76) ~[net.caffeinemc.sodium-neoforge-0.8.13+mc1.21.1-mod.jar%23249!/:?] {re:mixin,re:classloading}
	at TRANSFORMER/minecraft@1.21.1/net.minecraft.client.Minecraft.handler$bpd000$sodium$postInit(Minecraft.java:13570) ~[client-1.21.1-20240808.144430-srg.jar%23247!/:?] {re:mixin,pl:accesstransformer:B,pl:runtimedistcleaner:A,re:classloading,pl:accesstransformer:B,pl:mixin:APP:mixins.modernui-neoforge.json:MixinMinecraft from mod modernui,pl:mixin:APP:lithium-neoforge.mixins.json:startup.MinecraftMixin from mod lithium,pl:mixin:APP:journeymap.mixins.json:client.MinecraftMixin from mod journeymap,pl:mixin:APP:modernfix-modernfix.mixins.json:perf.dedicated_reload_executor.MinecraftMixin from mod modernfix,pl:mixin:APP:modernfix-modernfix.mixins.json:perf.encoder_cache_leak.MinecraftMixin from mod modernfix,pl:mixin:APP:modernfix-modernfix.mixins.json:perf.suspend_integrated_server_during_load.MinecraftMixin from mod modernfix,pl:mixin:APP:modernfix-modernfix.mixins.json:bugfix.world_leaks.MinecraftMixin from mod modernfix,pl:mixin:APP:modernfix-modernfix.mixins.json:feature.measure_time.MinecraftMixin from mod modernfix,pl:mixin:APP:modernfix-modernfix.mixins.json:feature.measure_time.MinecraftMixin_Forge from mod modernfix,pl:mixin:APP:emlib.mixins.json:MinecraftMixin from mod emlib,pl:mixin:APP:mixins.core.replaymod.json:MixinMinecraft from mod reforgedplaymod,pl:mixin:APP:mixins.core.replaymod.json:MinecraftAccessor from mod reforgedplaymod,pl:mixin:APP:mixins.jgui.json:Mixin_PassEvents_HandleKeybinds from mod reforgedplaymod,pl:mixin:APP:mixins.jgui.json:MixinMinecraft from mod reforgedplaymod,pl:mixin:APP:mixins.render.replaymod.json:Mixin_SuppressFramebufferResizeDuringRender from mod reforgedplaymod,pl:mixin:APP:mixins.replay.replaymod.json:Mixin_HandleInputsInReplay from mod reforgedplaymod,pl:mixin:APP:mixins.iris.json:MixinMinecraft_Images from mod iris,pl:mixin:APP:mixins.iris.json:MixinMinecraft_Keybinds from mod iris,pl:mixin:APP:mixins.iris.json:MixinMinecraft_PipelineManagement from mod iris,pl:mixin:APP:bookshelf.mixins.json:access.client.AccessorMinecraft from mod bookshelf,pl:mixin:APP:pickupnotifier.common.mixins.json:client.MinecraftMixin from mod pickupnotifier,pl:mixin:APP:sodium-common.mixins.json:core.MinecraftMixin from mod sodium,pl:mixin:APP:sodium-neoforge.mixins.json:platform.neoforge.EntrypointMixin from mod sodium,pl:mixin:APP:mixins.sodiumdynamiclights.json:MinecraftClientMixin from mod sodiumdynamiclights,pl:mixin:APP:physicsmod.mixins.json:MixinMinecraft from mod physicsmod,pl:mixin:APP:physicsmod.mixins.json:cloth.MixinMinecraft from mod physicsmod,pl:mixin:APP:physicsmod.mixins.json:fabricapi.MixinMinecraft from mod physicsmod,pl:mixin:APP:entityculling.mixins.json:DebugScreenEntriesAccessor from mod entityculling,pl:mixin:APP:entityculling.mixins.json:LivingEntityRendererAccessor from mod entityculling,pl:mixin:APP:transition.mixins.json:EntityRenderStateMixin from mod transition,pl:mixin:APP:transition.mixins.json:EntityRendererMixin from mod transition,pl:mixin:APP:transition.mixins.json:BlockEntityRenderStateMixin from mod transition,pl:mixin:APP:transition.mixins.json:MinecraftMixin from mod transition,pl:mixin:APP:itemphysic.mixins.json:MinecraftMixin from mod itemphysic,pl:mixin:APP:playerrevive.mixins.json:MinecraftAccessor from mod playerrevive,pl:mixin:APP:sound_physics_remastered.mixins.json:MinecraftMixin from mod (unknown),pl:mixin:APP:imblocker-neoforge.mixins.json:MinecraftClientMixin from mod imblocker,pl:mixin:APP:modernfix-modernfix.mixins.json:feature.remove_telemetry.MinecraftMixin_Telemetry from mod modernfix,pl:mixin:A,pl:runtimedistcleaner:A}
	at TRANSFORMER/minecraft@1.21.1/net.minecraft.client.Minecraft.buildInitialScreens(Minecraft.java:675) ~[client-1.21.1-20240808.144430-srg.jar%23247!/:?] {re:mixin,pl:accesstransformer:B,pl:runtimedistcleaner:A,re:classloading,pl:accesstransformer:B,pl:mixin:APP:mixins.modernui-neoforge.json:MixinMinecraft from mod modernui,pl:mixin:APP:lithium-neoforge.mixins.json:startup.MinecraftMixin from mod lithium,pl:mixin:APP:journeymap.mixins.json:client.MinecraftMixin from mod journeymap,pl:mixin:APP:modernfix-modernfix.mixins.json:perf.dedicated_reload_executor.MinecraftMixin from mod modernfix,pl:mixin:APP:modernfix-modernfix.mixins.json:perf.encoder_cache_leak.MinecraftMixin from mod modernfix,pl:mixin:APP:modernfix-modernfix.mixins.json:perf.suspend_integrated_server_during_load.MinecraftMixin from mod modernfix,pl:mixin:APP:modernfix-modernfix.mixins.json:bugfix.world_leaks.MinecraftMixin from mod modernfix,pl:mixin:APP:modernfix-modernfix.mixins.json:feature.measure_time.MinecraftMixin from mod modernfix,pl:mixin:APP:modernfix-modernfix.mixins.json:feature.measure_time.MinecraftMixin_Forge from mod modernfix,pl:mixin:APP:emlib.mixins.json:MinecraftMixin from mod emlib,pl:mixin:APP:mixins.core.replaymod.json:MixinMinecraft from mod reforgedplaymod,pl:mixin:APP:mixins.core.replaymod.json:MinecraftAccessor from mod reforgedplaymod,pl:mixin:APP:mixins.jgui.json:Mixin_PassEvents_HandleKeybinds from mod reforgedplaymod,pl:mixin:APP:mixins.jgui.json:MixinMinecraft from mod reforgedplaymod,pl:mixin:APP:mixins.render.replaymod.json:Mixin_SuppressFramebufferResizeDuringRender from mod reforgedplaymod,pl:mixin:APP:mixins.replay.replaymod.json:Mixin_HandleInputsInReplay from mod reforgedplaymod,pl:mixin:APP:mixins.iris.json:MixinMinecraft_Images from mod iris,pl:mixin:APP:mixins.iris.json:MixinMinecraft_Keybinds from mod iris,pl:mixin:APP:mixins.iris.json:MixinMinecraft_PipelineManagement from mod iris,pl:mixin:APP:bookshelf.mixins.json:access.client.AccessorMinecraft from mod bookshelf,pl:mixin:APP:pickupnotifier.common.mixins.json:client.MinecraftMixin from mod pickupnotifier,pl:mixin:APP:sodium-common.mixins.json:core.MinecraftMixin from mod sodium,pl:mixin:APP:sodium-neoforge.mixins.json:platform.neoforge.EntrypointMixin from mod sodium,pl:mixin:APP:mixins.sodiumdynamiclights.json:MinecraftClientMixin from mod sodiumdynamiclights,pl:mixin:APP:physicsmod.mixins.json:MixinMinecraft from mod physicsmod,pl:mixin:APP:physicsmod.mixins.json:cloth.MixinMinecraft from mod physicsmod,pl:mixin:APP:physicsmod.mixins.json:fabricapi.MixinMinecraft from mod physicsmod,pl:mixin:APP:entityculling.mixins.json:DebugScreenEntriesAccessor from mod entityculling,pl:mixin:APP:entityculling.mixins.json:LivingEntityRendererAccessor from mod entityculling,pl:mixin:APP:transition.mixins.json:EntityRenderStateMixin from mod transition,pl:mixin:APP:transition.mixins.json:EntityRendererMixin from mod transition,pl:mixin:APP:transition.mixins.json:BlockEntityRenderStateMixin from mod transition,pl:mixin:APP:transition.mixins.json:MinecraftMixin from mod transition,pl:mixin:APP:itemphysic.mixins.json:MinecraftMixin from mod itemphysic,pl:mixin:APP:playerrevive.mixins.json:MinecraftAccessor from mod playerrevive,pl:mixin:APP:sound_physics_remastered.mixins.json:MinecraftMixin from mod (unknown),pl:mixin:APP:imblocker-neoforge.mixins.json:MinecraftClientMixin from mod imblocker,pl:mixin:APP:modernfix-modernfix.mixins.json:feature.remove_telemetry.MinecraftMixin_Telemetry from mod modernfix,pl:mixin:A,pl:runtimedistcleaner:A}
	at TRANSFORMER/minecraft@1.21.1/net.minecraft.client.Minecraft.onGameLoadFinished(Minecraft.java:646) ~[client-1.21.1-20240808.144430-srg.jar%23247!/:?] {re:mixin,pl:accesstransformer:B,pl:runtimedistcleaner:A,re:classloading,pl:accesstransformer:B,pl:mixin:APP:mixins.modernui-neoforge.json:MixinMinecraft from mod modernui,pl:mixin:APP:lithium-neoforge.mixins.json:startup.MinecraftMixin from mod lithium,pl:mixin:APP:journeymap.mixins.json:client.MinecraftMixin from mod journeymap,pl:mixin:APP:modernfix-modernfix.mixins.json:perf.dedicated_reload_executor.MinecraftMixin from mod modernfix,pl:mixin:APP:modernfix-modernfix.mixins.json:perf.encoder_cache_leak.MinecraftMixin from mod modernfix,pl:mixin:APP:modernfix-modernfix.mixins.json:perf.suspend_integrated_server_during_load.MinecraftMixin from mod modernfix,pl:mixin:APP:modernfix-modernfix.mixins.json:bugfix.world_leaks.MinecraftMixin from mod modernfix,pl:mixin:APP:modernfix-modernfix.mixins.json:feature.measure_time.MinecraftMixin from mod modernfix,pl:mixin:APP:modernfix-modernfix.mixins.json:feature.measure_time.MinecraftMixin_Forge from mod modernfix,pl:mixin:APP:emlib.mixins.json:MinecraftMixin from mod emlib,pl:mixin:APP:mixins.core.replaymod.json:MixinMinecraft from mod reforgedplaymod,pl:mixin:APP:mixins.core.replaymod.json:MinecraftAccessor from mod reforgedplaymod,pl:mixin:APP:mixins.jgui.json:Mixin_PassEvents_HandleKeybinds from mod reforgedplaymod,pl:mixin:APP:mixins.jgui.json:MixinMinecraft from mod reforgedplaymod,pl:mixin:APP:mixins.render.replaymod.json:Mixin_SuppressFramebufferResizeDuringRender from mod reforgedplaymod,pl:mixin:APP:mixins.replay.replaymod.json:Mixin_HandleInputsInReplay from mod reforgedplaymod,pl:mixin:APP:mixins.iris.json:MixinMinecraft_Images from mod iris,pl:mixin:APP:mixins.iris.json:MixinMinecraft_Keybinds from mod iris,pl:mixin:APP:mixins.iris.json:MixinMinecraft_PipelineManagement from mod iris,pl:mixin:APP:bookshelf.mixins.json:access.client.AccessorMinecraft from mod bookshelf,pl:mixin:APP:pickupnotifier.common.mixins.json:client.MinecraftMixin from mod pickupnotifier,pl:mixin:APP:sodium-common.mixins.json:core.MinecraftMixin from mod sodium,pl:mixin:APP:sodium-neoforge.mixins.json:platform.neoforge.EntrypointMixin from mod sodium,pl:mixin:APP:mixins.sodiumdynamiclights.json:MinecraftClientMixin from mod sodiumdynamiclights,pl:mixin:APP:physicsmod.mixins.json:MixinMinecraft from mod physicsmod,pl:mixin:APP:physicsmod.mixins.json:cloth.MixinMinecraft from mod physicsmod,pl:mixin:APP:physicsmod.mixins.json:fabricapi.MixinMinecraft from mod physicsmod,pl:mixin:APP:entityculling.mixins.json:DebugScreenEntriesAccessor from mod entityculling,pl:mixin:APP:entityculling.mixins.json:LivingEntityRendererAccessor from mod entityculling,pl:mixin:APP:transition.mixins.json:EntityRenderStateMixin from mod transition,pl:mixin:APP:transition.mixins.json:EntityRendererMixin from mod transition,pl:mixin:APP:transition.mixins.json:BlockEntityRenderStateMixin from mod transition,pl:mixin:APP:transition.mixins.json:MinecraftMixin from mod transition,pl:mixin:APP:itemphysic.mixins.json:MinecraftMixin from mod itemphysic,pl:mixin:APP:playerrevive.mixins.json:MinecraftAccessor from mod playerrevive,pl:mixin:APP:sound_physics_remastered.mixins.json:MinecraftMixin from mod (unknown),pl:mixin:APP:imblocker-neoforge.mixins.json:MinecraftClientMixin from mod imblocker,pl:mixin:APP:modernfix-modernfix.mixins.json:feature.remove_telemetry.MinecraftMixin_Telemetry from mod modernfix,pl:mixin:A,pl:runtimedistcleaner:A}
	at TRANSFORMER/minecraft@1.21.1/net.minecraft.client.Minecraft.onResourceLoadFinished(Minecraft.java:641) ~[client-1.21.1-20240808.144430-srg.jar%23247!/:?] {re:mixin,pl:accesstransformer:B,pl:runtimedistcleaner:A,re:classloading,pl:accesstransformer:B,pl:mixin:APP:mixins.modernui-neoforge.json:MixinMinecraft from mod modernui,pl:mixin:APP:lithium-neoforge.mixins.json:startup.MinecraftMixin from mod lithium,pl:mixin:APP:journeymap.mixins.json:client.MinecraftMixin from mod journeymap,pl:mixin:APP:modernfix-modernfix.mixins.json:perf.dedicated_reload_executor.MinecraftMixin from mod modernfix,pl:mixin:APP:modernfix-modernfix.mixins.json:perf.encoder_cache_leak.MinecraftMixin from mod modernfix,pl:mixin:APP:modernfix-modernfix.mixins.json:perf.suspend_integrated_server_during_load.MinecraftMixin from mod modernfix,pl:mixin:APP:modernfix-modernfix.mixins.json:bugfix.world_leaks.MinecraftMixin from mod modernfix,pl:mixin:APP:modernfix-modernfix.mixins.json:feature.measure_time.MinecraftMixin from mod modernfix,pl:mixin:APP:modernfix-modernfix.mixins.json:feature.measure_time.MinecraftMixin_Forge from mod modernfix,pl:mixin:APP:emlib.mixins.json:MinecraftMixin from mod emlib,pl:mixin:APP:mixins.core.replaymod.json:MixinMinecraft from mod reforgedplaymod,pl:mixin:APP:mixins.core.replaymod.json:MinecraftAccessor from mod reforgedplaymod,pl:mixin:APP:mixins.jgui.json:Mixin_PassEvents_HandleKeybinds from mod reforgedplaymod,pl:mixin:APP:mixins.jgui.json:MixinMinecraft from mod reforgedplaymod,pl:mixin:APP:mixins.render.replaymod.json:Mixin_SuppressFramebufferResizeDuringRender from mod reforgedplaymod,pl:mixin:APP:mixins.replay.replaymod.json:Mixin_HandleInputsInReplay from mod reforgedplaymod,pl:mixin:APP:mixins.iris.json:MixinMinecraft_Images from mod iris,pl:mixin:APP:mixins.iris.json:MixinMinecraft_Keybinds from mod iris,pl:mixin:APP:mixins.iris.json:MixinMinecraft_PipelineManagement from mod iris,pl:mixin:APP:bookshelf.mixins.json:access.client.AccessorMinecraft from mod bookshelf,pl:mixin:APP:pickupnotifier.common.mixins.json:client.MinecraftMixin from mod pickupnotifier,pl:mixin:APP:sodium-common.mixins.json:core.MinecraftMixin from mod sodium,pl:mixin:APP:sodium-neoforge.mixins.json:platform.neoforge.EntrypointMixin from mod sodium,pl:mixin:APP:mixins.sodiumdynamiclights.json:MinecraftClientMixin from mod sodiumdynamiclights,pl:mixin:APP:physicsmod.mixins.json:MixinMinecraft from mod physicsmod,pl:mixin:APP:physicsmod.mixins.json:cloth.MixinMinecraft from mod physicsmod,pl:mixin:APP:physicsmod.mixins.json:fabricapi.MixinMinecraft from mod physicsmod,pl:mixin:APP:entityculling.mixins.json:DebugScreenEntriesAccessor from mod entityculling,pl:mixin:APP:entityculling.mixins.json:LivingEntityRendererAccessor from mod entityculling,pl:mixin:APP:transition.mixins.json:EntityRenderStateMixin from mod transition,pl:mixin:APP:transition.mixins.json:EntityRendererMixin from mod transition,pl:mixin:APP:transition.mixins.json:BlockEntityRenderStateMixin from mod transition,pl:mixin:APP:transition.mixins.json:MinecraftMixin from mod transition,pl:mixin:APP:itemphysic.mixins.json:MinecraftMixin from mod itemphysic,pl:mixin:APP:playerrevive.mixins.json:MinecraftAccessor from mod playerrevive,pl:mixin:APP:sound_physics_remastered.mixins.json:MinecraftMixin from mod (unknown),pl:mixin:APP:imblocker-neoforge.mixins.json:MinecraftClientMixin from mod imblocker,pl:mixin:APP:modernfix-modernfix.mixins.json:feature.remove_telemetry.MinecraftMixin_Telemetry from mod modernfix,pl:mixin:A,pl:runtimedistcleaner:A}
	at TRANSFORMER/minecraft@1.21.1/net.minecraft.client.Minecraft.lambda$new$7(Minecraft.java:629) ~[client-1.21.1-20240808.144430-srg.jar%23247!/:?] {re:mixin,pl:accesstransformer:B,pl:runtimedistcleaner:A,re:classloading,pl:accesstransformer:B,pl:mixin:APP:mixins.modernui-neoforge.json:MixinMinecraft from mod modernui,pl:mixin:APP:lithium-neoforge.mixins.json:startup.MinecraftMixin from mod lithium,pl:mixin:APP:journeymap.mixins.json:client.MinecraftMixin from mod journeymap,pl:mixin:APP:modernfix-modernfix.mixins.json:perf.dedicated_reload_executor.MinecraftMixin from mod modernfix,pl:mixin:APP:modernfix-modernfix.mixins.json:perf.encoder_cache_leak.MinecraftMixin from mod modernfix,pl:mixin:APP:modernfix-modernfix.mixins.json:perf.suspend_integrated_server_during_load.MinecraftMixin from mod modernfix,pl:mixin:APP:modernfix-modernfix.mixins.json:bugfix.world_leaks.MinecraftMixin from mod modernfix,pl:mixin:APP:modernfix-modernfix.mixins.json:feature.measure_time.MinecraftMixin from mod modernfix,pl:mixin:APP:modernfix-modernfix.mixins.json:feature.measure_time.MinecraftMixin_Forge from mod modernfix,pl:mixin:APP:emlib.mixins.json:MinecraftMixin from mod emlib,pl:mixin:APP:mixins.core.replaymod.json:MixinMinecraft from mod reforgedplaymod,pl:mixin:APP:mixins.core.replaymod.json:MinecraftAccessor from mod reforgedplaymod,pl:mixin:APP:mixins.jgui.json:Mixin_PassEvents_HandleKeybinds from mod reforgedplaymod,pl:mixin:APP:mixins.jgui.json:MixinMinecraft from mod reforgedplaymod,pl:mixin:APP:mixins.render.replaymod.json:Mixin_SuppressFramebufferResizeDuringRender from mod reforgedplaymod,pl:mixin:APP:mixins.replay.replaymod.json:Mixin_HandleInputsInReplay from mod reforgedplaymod,pl:mixin:APP:mixins.iris.json:MixinMinecraft_Images from mod iris,pl:mixin:APP:mixins.iris.json:MixinMinecraft_Keybinds from mod iris,pl:mixin:APP:mixins.iris.json:MixinMinecraft_PipelineManagement from mod iris,pl:mixin:APP:bookshelf.mixins.json:access.client.AccessorMinecraft from mod bookshelf,pl:mixin:APP:pickupnotifier.common.mixins.json:client.MinecraftMixin from mod pickupnotifier,pl:mixin:APP:sodium-common.mixins.json:core.MinecraftMixin from mod sodium,pl:mixin:APP:sodium-neoforge.mixins.json:platform.neoforge.EntrypointMixin from mod sodium,pl:mixin:APP:mixins.sodiumdynamiclights.json:MinecraftClientMixin from mod sodiumdynamiclights,pl:mixin:APP:physicsmod.mixins.json:MixinMinecraft from mod physicsmod,pl:mixin:APP:physicsmod.mixins.json:cloth.MixinMinecraft from mod physicsmod,pl:mixin:APP:physicsmod.mixins.json:fabricapi.MixinMinecraft from mod physicsmod,pl:mixin:APP:entityculling.mixins.json:DebugScreenEntriesAccessor from mod entityculling,pl:mixin:APP:entityculling.mixins.json:LivingEntityRendererAccessor from mod entityculling,pl:mixin:APP:transition.mixins.json:EntityRenderStateMixin from mod transition,pl:mixin:APP:transition.mixins.json:EntityRendererMixin from mod transition,pl:mixin:APP:transition.mixins.json:BlockEntityRenderStateMixin from mod transition,pl:mixin:APP:transition.mixins.json:MinecraftMixin from mod transition,pl:mixin:APP:itemphysic.mixins.json:MinecraftMixin from mod itemphysic,pl:mixin:APP:playerrevive.mixins.json:MinecraftAccessor from mod playerrevive,pl:mixin:APP:sound_physics_remastered.mixins.json:MinecraftMixin from mod (unknown),pl:mixin:APP:imblocker-neoforge.mixins.json:MinecraftClientMixin from mod imblocker,pl:mixin:APP:modernfix-modernfix.mixins.json:feature.remove_telemetry.MinecraftMixin_Telemetry from mod modernfix,pl:mixin:A,pl:runtimedistcleaner:A}
	at TRANSFORMER/minecraft@1.21.1/net.minecraft.Util.ifElse(Util.java:513) ~[client-1.21.1-20240808.144430-srg.jar%23247!/:?] {re:mixin,pl:accesstransformer:B,re:classloading,pl:accesstransformer:B,pl:mixin:APP:modernfix-modernfix.mixins.json:perf.thread_priorities.UtilMixin from mod modernfix,pl:mixin:A}
	at TRANSFORMER/minecraft@1.21.1/net.minecraft.client.Minecraft.lambda$new$8(Minecraft.java:623) ~[client-1.21.1-20240808.144430-srg.jar%23247!/:?] {re:mixin,pl:accesstransformer:B,pl:runtimedistcleaner:A,re:classloading,pl:accesstransformer:B,pl:mixin:APP:mixins.modernui-neoforge.json:MixinMinecraft from mod modernui,pl:mixin:APP:lithium-neoforge.mixins.json:startup.MinecraftMixin from mod lithium,pl:mixin:APP:journeymap.mixins.json:client.MinecraftMixin from mod journeymap,pl:mixin:APP:modernfix-modernfix.mixins.json:perf.dedicated_reload_executor.MinecraftMixin from mod modernfix,pl:mixin:APP:modernfix-modernfix.mixins.json:perf.encoder_cache_leak.MinecraftMixin from mod modernfix,pl:mixin:APP:modernfix-modernfix.mixins.json:perf.suspend_integrated_server_during_load.MinecraftMixin from mod modernfix,pl:mixin:APP:modernfix-modernfix.mixins.json:bugfix.world_leaks.MinecraftMixin from mod modernfix,pl:mixin:APP:modernfix-modernfix.mixins.json:feature.measure_time.MinecraftMixin from mod modernfix,pl:mixin:APP:modernfix-modernfix.mixins.json:feature.measure_time.MinecraftMixin_Forge from mod modernfix,pl:mixin:APP:emlib.mixins.json:MinecraftMixin from mod emlib,pl:mixin:APP:mixins.core.replaymod.json:MixinMinecraft from mod reforgedplaymod,pl:mixin:APP:mixins.core.replaymod.json:MinecraftAccessor from mod reforgedplaymod,pl:mixin:APP:mixins.jgui.json:Mixin_PassEvents_HandleKeybinds from mod reforgedplaymod,pl:mixin:APP:mixins.jgui.json:MixinMinecraft from mod reforgedplaymod,pl:mixin:APP:mixins.render.replaymod.json:Mixin_SuppressFramebufferResizeDuringRender from mod reforgedplaymod,pl:mixin:APP:mixins.replay.replaymod.json:Mixin_HandleInputsInReplay from mod reforgedplaymod,pl:mixin:APP:mixins.iris.json:MixinMinecraft_Images from mod iris,pl:mixin:APP:mixins.iris.json:MixinMinecraft_Keybinds from mod iris,pl:mixin:APP:mixins.iris.json:MixinMinecraft_PipelineManagement from mod iris,pl:mixin:APP:bookshelf.mixins.json:access.client.AccessorMinecraft from mod bookshelf,pl:mixin:APP:pickupnotifier.common.mixins.json:client.MinecraftMixin from mod pickupnotifier,pl:mixin:APP:sodium-common.mixins.json:core.MinecraftMixin from mod sodium,pl:mixin:APP:sodium-neoforge.mixins.json:platform.neoforge.EntrypointMixin from mod sodium,pl:mixin:APP:mixins.sodiumdynamiclights.json:MinecraftClientMixin from mod sodiumdynamiclights,pl:mixin:APP:physicsmod.mixins.json:MixinMinecraft from mod physicsmod,pl:mixin:APP:physicsmod.mixins.json:cloth.MixinMinecraft from mod physicsmod,pl:mixin:APP:physicsmod.mixins.json:fabricapi.MixinMinecraft from mod physicsmod,pl:mixin:APP:entityculling.mixins.json:DebugScreenEntriesAccessor from mod entityculling,pl:mixin:APP:entityculling.mixins.json:LivingEntityRendererAccessor from mod entityculling,pl:mixin:APP:transition.mixins.json:EntityRenderStateMixin from mod transition,pl:mixin:APP:transition.mixins.json:EntityRendererMixin from mod transition,pl:mixin:APP:transition.mixins.json:BlockEntityRenderStateMixin from mod transition,pl:mixin:APP:transition.mixins.json:MinecraftMixin from mod transition,pl:mixin:APP:itemphysic.mixins.json:MinecraftMixin from mod itemphysic,pl:mixin:APP:playerrevive.mixins.json:MinecraftAccessor from mod playerrevive,pl:mixin:APP:sound_physics_remastered.mixins.json:MinecraftMixin from mod (unknown),pl:mixin:APP:imblocker-neoforge.mixins.json:MinecraftClientMixin from mod imblocker,pl:mixin:APP:modernfix-modernfix.mixins.json:feature.remove_telemetry.MinecraftMixin_Telemetry from mod modernfix,pl:mixin:A,pl:runtimedistcleaner:A}
	at TRANSFORMER/neoforge@21.1.219/net.neoforged.neoforge.client.loading.NeoForgeLoadingOverlay.render(NeoForgeLoadingOverlay.java:145) ~[neoforge-21.1.219-universal.jar%23248!/:?] {re:classloading,re:mixin,pl:mixin:A}
-- Overlay render details --
Details:
	Overlay name: net.neoforged.neoforge.client.loading.NeoForgeLoadingOverlay
Stacktrace:
	at TRANSFORMER/minecraft@1.21.1/net.minecraft.client.renderer.GameRenderer.render(GameRenderer.java:1081) ~[client-1.21.1-20240808.144430-srg.jar%23247!/:?] {re:mixin,pl:accesstransformer:B,pl:runtimedistcleaner:A,re:classloading,pl:accesstransformer:B,pl:mixin:APP:mixins.modernui-neoforge.json:MixinGameRenderer from mod modernui,pl:mixin:APP:imblocker-neoforge.mixins.json:IMEOverlayRendererV2 from mod imblocker,pl:mixin:APP:mixins.modernui-textmc.json:MixinGameRenderer from mod modernui,pl:mixin:APP:mixins.compat.shaders.replaymod.json:MixinShaderEntityRenderer from mod reforgedplaymod,pl:mixin:APP:mixins.core.replaymod.json:Mixin_PreRenderHandCallback from mod reforgedplaymod,pl:mixin:APP:mixins.jgui.json:MixinGameRenderer from mod reforgedplaymod,pl:mixin:APP:mixins.render.replaymod.json:Mixin_Omnidirectional_Camera from mod reforgedplaymod,pl:mixin:APP:mixins.render.replaymod.json:Mixin_Omnidirectional_Rotation from mod reforgedplaymod,pl:mixin:APP:mixins.render.replaymod.json:Mixin_PreserveDepthDuringGuiRendering from mod reforgedplaymod,pl:mixin:APP:mixins.render.replaymod.json:Mixin_PreserveDepthDuringHandRendering from mod reforgedplaymod,pl:mixin:APP:mixins.render.replaymod.json:Mixin_Stereoscopic_Camera from mod reforgedplaymod,pl:mixin:APP:mixins.render.replaymod.json:Mixin_Stereoscopic_HandRenderPass from mod reforgedplaymod,pl:mixin:APP:mixins.render.replaymod.json:GameRendererAccessor from mod reforgedplaymod,pl:mixin:APP:mixins.render.replaymod.json:MixinEntityRenderer from mod reforgedplaymod,pl:mixin:APP:mixins.replay.replaymod.json:MixinCamera from mod reforgedplaymod,pl:mixin:APP:mixins.replay.replaymod.json:Mixin_ShowSpectatedHand_NoOF from mod reforgedplaymod,pl:mixin:APP:customgunclient.mixins.json:renderer.GameRendererMixin from mod customgun,pl:mixin:APP:mixins.iris.json:GameRendererAccessor from mod iris,pl:mixin:APP:mixins.iris.json:MixinGameRenderer from mod iris,pl:mixin:APP:mixins.iris.json:MixinModelViewBobbing from mod iris,pl:mixin:APP:sodium-common.mixins.json:features.gui.hooks.console.GameRendererMixin from mod sodium,pl:mixin:APP:physicsmod.mixins.json:MixinGameRenderer from mod physicsmod,pl:mixin:APP:physicsmod.mixins.json:ocean.MixinVSGameRenderer from mod physicsmod,pl:mixin:APP:shouldersurfing.common.mixins.json:GameRendererAccessor from mod shouldersurfing,pl:mixin:APP:shouldersurfing.common.mixins.json:GameRendererMixin from mod shouldersurfing,pl:mixin:APP:machine_max.mixins.json:GameRendererMixin from mod machine_max,pl:mixin:APP:cameraoverhaulneoforge.mixins.json:GameRendererMixin from mod cameraoverhaulneoforge,pl:mixin:APP:playerrevive.mixins.json:GameRendererAccessor from mod playerrevive,pl:mixin:APP:mixins.iris.json:MixinGameRenderer_NightVisionCompat from mod iris,pl:mixin:A,pl:runtimedistcleaner:A}
	at TRANSFORMER/minecraft@1.21.1/net.minecraft.client.Minecraft.runTick(Minecraft.java:1195) ~[client-1.21.1-20240808.144430-srg.jar%23247!/:?] {re:mixin,pl:accesstransformer:B,pl:runtimedistcleaner:A,re:classloading,pl:accesstransformer:B,pl:mixin:APP:mixins.modernui-neoforge.json:MixinMinecraft from mod modernui,pl:mixin:APP:lithium-neoforge.mixins.json:startup.MinecraftMixin from mod lithium,pl:mixin:APP:journeymap.mixins.json:client.MinecraftMixin from mod journeymap,pl:mixin:APP:modernfix-modernfix.mixins.json:perf.dedicated_reload_executor.MinecraftMixin from mod modernfix,pl:mixin:APP:modernfix-modernfix.mixins.json:perf.encoder_cache_leak.MinecraftMixin from mod modernfix,pl:mixin:APP:modernfix-modernfix.mixins.json:perf.suspend_integrated_server_during_load.MinecraftMixin from mod modernfix,pl:mixin:APP:modernfix-modernfix.mixins.json:bugfix.world_leaks.MinecraftMixin from mod modernfix,pl:mixin:APP:modernfix-modernfix.mixins.json:feature.measure_time.MinecraftMixin from mod modernfix,pl:mixin:APP:modernfix-modernfix.mixins.json:feature.measure_time.MinecraftMixin_Forge from mod modernfix,pl:mixin:APP:emlib.mixins.json:MinecraftMixin from mod emlib,pl:mixin:APP:mixins.core.replaymod.json:MixinMinecraft from mod reforgedplaymod,pl:mixin:APP:mixins.core.replaymod.json:MinecraftAccessor from mod reforgedplaymod,pl:mixin:APP:mixins.jgui.json:Mixin_PassEvents_HandleKeybinds from mod reforgedplaymod,pl:mixin:APP:mixins.jgui.json:MixinMinecraft from mod reforgedplaymod,pl:mixin:APP:mixins.render.replaymod.json:Mixin_SuppressFramebufferResizeDuringRender from mod reforgedplaymod,pl:mixin:APP:mixins.replay.replaymod.json:Mixin_HandleInputsInReplay from mod reforgedplaymod,pl:mixin:APP:mixins.iris.json:MixinMinecraft_Images from mod iris,pl:mixin:APP:mixins.iris.json:MixinMinecraft_Keybinds from mod iris,pl:mixin:APP:mixins.iris.json:MixinMinecraft_PipelineManagement from mod iris,pl:mixin:APP:bookshelf.mixins.json:access.client.AccessorMinecraft from mod bookshelf,pl:mixin:APP:pickupnotifier.common.mixins.json:client.MinecraftMixin from mod pickupnotifier,pl:mixin:APP:sodium-common.mixins.json:core.MinecraftMixin from mod sodium,pl:mixin:APP:sodium-neoforge.mixins.json:platform.neoforge.EntrypointMixin from mod sodium,pl:mixin:APP:mixins.sodiumdynamiclights.json:MinecraftClientMixin from mod sodiumdynamiclights,pl:mixin:APP:physicsmod.mixins.json:MixinMinecraft from mod physicsmod,pl:mixin:APP:physicsmod.mixins.json:cloth.MixinMinecraft from mod physicsmod,pl:mixin:APP:physicsmod.mixins.json:fabricapi.MixinMinecraft from mod physicsmod,pl:mixin:APP:entityculling.mixins.json:DebugScreenEntriesAccessor from mod entityculling,pl:mixin:APP:entityculling.mixins.json:LivingEntityRendererAccessor from mod entityculling,pl:mixin:APP:transition.mixins.json:EntityRenderStateMixin from mod transition,pl:mixin:APP:transition.mixins.json:EntityRendererMixin from mod transition,pl:mixin:APP:transition.mixins.json:BlockEntityRenderStateMixin from mod transition,pl:mixin:APP:transition.mixins.json:MinecraftMixin from mod transition,pl:mixin:APP:itemphysic.mixins.json:MinecraftMixin from mod itemphysic,pl:mixin:APP:playerrevive.mixins.json:MinecraftAccessor from mod playerrevive,pl:mixin:APP:sound_physics_remastered.mixins.json:MinecraftMixin from mod (unknown),pl:mixin:APP:imblocker-neoforge.mixins.json:MinecraftClientMixin from mod imblocker,pl:mixin:APP:modernfix-modernfix.mixins.json:feature.remove_telemetry.MinecraftMixin_Telemetry from mod modernfix,pl:mixin:A,pl:runtimedistcleaner:A}
	at TRANSFORMER/minecraft@1.21.1/net.minecraft.client.Minecraft.run(Minecraft.java:807) ~[client-1.21.1-20240808.144430-srg.jar%23247!/:?] {re:mixin,pl:accesstransformer:B,pl:runtimedistcleaner:A,re:classloading,pl:accesstransformer:B,pl:mixin:APP:mixins.modernui-neoforge.json:MixinMinecraft from mod modernui,pl:mixin:APP:lithium-neoforge.mixins.json:startup.MinecraftMixin from mod lithium,pl:mixin:APP:journeymap.mixins.json:client.MinecraftMixin from mod journeymap,pl:mixin:APP:modernfix-modernfix.mixins.json:perf.dedicated_reload_executor.MinecraftMixin from mod modernfix,pl:mixin:APP:modernfix-modernfix.mixins.json:perf.encoder_cache_leak.MinecraftMixin from mod modernfix,pl:mixin:APP:modernfix-modernfix.mixins.json:perf.suspend_integrated_server_during_load.MinecraftMixin from mod modernfix,pl:mixin:APP:modernfix-modernfix.mixins.json:bugfix.world_leaks.MinecraftMixin from mod modernfix,pl:mixin:APP:modernfix-modernfix.mixins.json:feature.measure_time.MinecraftMixin from mod modernfix,pl:mixin:APP:modernfix-modernfix.mixins.json:feature.measure_time.MinecraftMixin_Forge from mod modernfix,pl:mixin:APP:emlib.mixins.json:MinecraftMixin from mod emlib,pl:mixin:APP:mixins.core.replaymod.json:MixinMinecraft from mod reforgedplaymod,pl:mixin:APP:mixins.core.replaymod.json:MinecraftAccessor from mod reforgedplaymod,pl:mixin:APP:mixins.jgui.json:Mixin_PassEvents_HandleKeybinds from mod reforgedplaymod,pl:mixin:APP:mixins.jgui.json:MixinMinecraft from mod reforgedplaymod,pl:mixin:APP:mixins.render.replaymod.json:Mixin_SuppressFramebufferResizeDuringRender from mod reforgedplaymod,pl:mixin:APP:mixins.replay.replaymod.json:Mixin_HandleInputsInReplay from mod reforgedplaymod,pl:mixin:APP:mixins.iris.json:MixinMinecraft_Images from mod iris,pl:mixin:APP:mixins.iris.json:MixinMinecraft_Keybinds from mod iris,pl:mixin:APP:mixins.iris.json:MixinMinecraft_PipelineManagement from mod iris,pl:mixin:APP:bookshelf.mixins.json:access.client.AccessorMinecraft from mod bookshelf,pl:mixin:APP:pickupnotifier.common.mixins.json:client.MinecraftMixin from mod pickupnotifier,pl:mixin:APP:sodium-common.mixins.json:core.MinecraftMixin from mod sodium,pl:mixin:APP:sodium-neoforge.mixins.json:platform.neoforge.EntrypointMixin from mod sodium,pl:mixin:APP:mixins.sodiumdynamiclights.json:MinecraftClientMixin from mod sodiumdynamiclights,pl:mixin:APP:physicsmod.mixins.json:MixinMinecraft from mod physicsmod,pl:mixin:APP:physicsmod.mixins.json:cloth.MixinMinecraft from mod physicsmod,pl:mixin:APP:physicsmod.mixins.json:fabricapi.MixinMinecraft from mod physicsmod,pl:mixin:APP:entityculling.mixins.json:DebugScreenEntriesAccessor from mod entityculling,pl:mixin:APP:entityculling.mixins.json:LivingEntityRendererAccessor from mod entityculling,pl:mixin:APP:transition.mixins.json:EntityRenderStateMixin from mod transition,pl:mixin:APP:transition.mixins.json:EntityRendererMixin from mod transition,pl:mixin:APP:transition.mixins.json:BlockEntityRenderStateMixin from mod transition,pl:mixin:APP:transition.mixins.json:MinecraftMixin from mod transition,pl:mixin:APP:itemphysic.mixins.json:MinecraftMixin from mod itemphysic,pl:mixin:APP:playerrevive.mixins.json:MinecraftAccessor from mod playerrevive,pl:mixin:APP:sound_physics_remastered.mixins.json:MinecraftMixin from mod (unknown),pl:mixin:APP:imblocker-neoforge.mixins.json:MinecraftClientMixin from mod imblocker,pl:mixin:APP:modernfix-modernfix.mixins.json:feature.remove_telemetry.MinecraftMixin_Telemetry from mod modernfix,pl:mixin:A,pl:runtimedistcleaner:A}
	at TRANSFORMER/minecraft@1.21.1/net.minecraft.client.main.Main.main(Main.java:230) ~[client-1.21.1-20240808.144430-srg.jar%23247!/:?] {re:mixin,pl:runtimedistcleaner:A,re:classloading,pl:mixin:APP:physicsmod.mixins.json:MixinMain from mod physicsmod,pl:mixin:A,pl:runtimedistcleaner:A}
	at java.base/jdk.internal.reflect.DirectMethodHandleAccessor.invoke(DirectMethodHandleAccessor.java:103) ~[?:?] {}
	at java.base/java.lang.reflect.Method.invoke(Method.java:580) ~[?:?] {}
	at MC-BOOTSTRAP/fml_loader@4.0.42/net.neoforged.fml.loading.targets.CommonLaunchHandler.runTarget(CommonLaunchHandler.java:136) ~[loader-4.0.42.jar%23161!/:4.0] {}
	at MC-BOOTSTRAP/fml_loader@4.0.42/net.neoforged.fml.loading.targets.CommonLaunchHandler.clientService(CommonLaunchHandler.java:124) ~[loader-4.0.42.jar%23161!/:4.0] {}
	at MC-BOOTSTRAP/fml_loader@4.0.42/net.neoforged.fml.loading.targets.CommonClientLaunchHandler.runService(CommonClientLaunchHandler.java:32) ~[loader-4.0.42.jar%23161!/:4.0] {}
	at MC-BOOTSTRAP/fml_loader@4.0.42/net.neoforged.fml.loading.targets.CommonLaunchHandler.lambda$launchService$4(CommonLaunchHandler.java:118) ~[loader-4.0.42.jar%23161!/:4.0] {}
	at MC-BOOTSTRAP/cpw.mods.modlauncher@11.0.5/cpw.mods.modlauncher.LaunchServiceHandlerDecorator.launch(LaunchServiceHandlerDecorator.java:30) [modlauncher-11.0.5.jar%23166!/:?] {}
	at MC-BOOTSTRAP/cpw.mods.modlauncher@11.0.5/cpw.mods.modlauncher.LaunchServiceHandler.launch(LaunchServiceHandler.java:53) [modlauncher-11.0.5.jar%23166!/:?] {}
	at MC-BOOTSTRAP/cpw.mods.modlauncher@11.0.5/cpw.mods.modlauncher.LaunchServiceHandler.launch(LaunchServiceHandler.java:71) [modlauncher-11.0.5.jar%23166!/:?] {}
	at MC-BOOTSTRAP/cpw.mods.modlauncher@11.0.5/cpw.mods.modlauncher.Launcher.run(Launcher.java:103) [modlauncher-11.0.5.jar%23166!/:?] {}
	at MC-BOOTSTRAP/cpw.mods.modlauncher@11.0.5/cpw.mods.modlauncher.Launcher.main(Launcher.java:74) [modlauncher-11.0.5.jar%23166!/:?] {}
	at MC-BOOTSTRAP/cpw.mods.modlauncher@11.0.5/cpw.mods.modlauncher.BootstrapLaunchConsumer.accept(BootstrapLaunchConsumer.java:26) [modlauncher-11.0.5.jar%23166!/:?] {}
	at MC-BOOTSTRAP/cpw.mods.modlauncher@11.0.5/cpw.mods.modlauncher.BootstrapLaunchConsumer.accept(BootstrapLaunchConsumer.java:23) [modlauncher-11.0.5.jar%23166!/:?] {}
	at cpw.mods.bootstraplauncher@2.0.2/cpw.mods.bootstraplauncher.BootstrapLauncher.run(BootstrapLauncher.java:210) [bootstraplauncher-2.0.2.jar:?] {}
	at cpw.mods.bootstraplauncher@2.0.2/cpw.mods.bootstraplauncher.BootstrapLauncher.main(BootstrapLauncher.java:69) [bootstraplauncher-2.0.2.jar:?] {}


-- Uptime --
Details:
	JVM uptime: 82.094s
	Wall uptime: 23.538s
	High-res time: 71.423s
	Client ticks: 83 ticks / 4.150s
Stacktrace:
	at TRANSFORMER/minecraft@1.21.1/net.minecraft.client.Minecraft.fillReport(Minecraft.java:2394) ~[client-1.21.1-20240808.144430-srg.jar%23247!/:?] {re:mixin,pl:accesstransformer:B,pl:runtimedistcleaner:A,re:classloading,pl:accesstransformer:B,pl:mixin:APP:mixins.modernui-neoforge.json:MixinMinecraft from mod modernui,pl:mixin:APP:lithium-neoforge.mixins.json:startup.MinecraftMixin from mod lithium,pl:mixin:APP:journeymap.mixins.json:client.MinecraftMixin from mod journeymap,pl:mixin:APP:modernfix-modernfix.mixins.json:perf.dedicated_reload_executor.MinecraftMixin from mod modernfix,pl:mixin:APP:modernfix-modernfix.mixins.json:perf.encoder_cache_leak.MinecraftMixin from mod modernfix,pl:mixin:APP:modernfix-modernfix.mixins.json:perf.suspend_integrated_server_during_load.MinecraftMixin from mod modernfix,pl:mixin:APP:modernfix-modernfix.mixins.json:bugfix.world_leaks.MinecraftMixin from mod modernfix,pl:mixin:APP:modernfix-modernfix.mixins.json:feature.measure_time.MinecraftMixin from mod modernfix,pl:mixin:APP:modernfix-modernfix.mixins.json:feature.measure_time.MinecraftMixin_Forge from mod modernfix,pl:mixin:APP:emlib.mixins.json:MinecraftMixin from mod emlib,pl:mixin:APP:mixins.core.replaymod.json:MixinMinecraft from mod reforgedplaymod,pl:mixin:APP:mixins.core.replaymod.json:MinecraftAccessor from mod reforgedplaymod,pl:mixin:APP:mixins.jgui.json:Mixin_PassEvents_HandleKeybinds from mod reforgedplaymod,pl:mixin:APP:mixins.jgui.json:MixinMinecraft from mod reforgedplaymod,pl:mixin:APP:mixins.render.replaymod.json:Mixin_SuppressFramebufferResizeDuringRender from mod reforgedplaymod,pl:mixin:APP:mixins.replay.replaymod.json:Mixin_HandleInputsInReplay from mod reforgedplaymod,pl:mixin:APP:mixins.iris.json:MixinMinecraft_Images from mod iris,pl:mixin:APP:mixins.iris.json:MixinMinecraft_Keybinds from mod iris,pl:mixin:APP:mixins.iris.json:MixinMinecraft_PipelineManagement from mod iris,pl:mixin:APP:bookshelf.mixins.json:access.client.AccessorMinecraft from mod bookshelf,pl:mixin:APP:pickupnotifier.common.mixins.json:client.MinecraftMixin from mod pickupnotifier,pl:mixin:APP:sodium-common.mixins.json:core.MinecraftMixin from mod sodium,pl:mixin:APP:sodium-neoforge.mixins.json:platform.neoforge.EntrypointMixin from mod sodium,pl:mixin:APP:mixins.sodiumdynamiclights.json:MinecraftClientMixin from mod sodiumdynamiclights,pl:mixin:APP:physicsmod.mixins.json:MixinMinecraft from mod physicsmod,pl:mixin:APP:physicsmod.mixins.json:cloth.MixinMinecraft from mod physicsmod,pl:mixin:APP:physicsmod.mixins.json:fabricapi.MixinMinecraft from mod physicsmod,pl:mixin:APP:entityculling.mixins.json:DebugScreenEntriesAccessor from mod entityculling,pl:mixin:APP:entityculling.mixins.json:LivingEntityRendererAccessor from mod entityculling,pl:mixin:APP:transition.mixins.json:EntityRenderStateMixin from mod transition,pl:mixin:APP:transition.mixins.json:EntityRendererMixin from mod transition,pl:mixin:APP:transition.mixins.json:BlockEntityRenderStateMixin from mod transition,pl:mixin:APP:transition.mixins.json:MinecraftMixin from mod transition,pl:mixin:APP:itemphysic.mixins.json:MinecraftMixin from mod itemphysic,pl:mixin:APP:playerrevive.mixins.json:MinecraftAccessor from mod playerrevive,pl:mixin:APP:sound_physics_remastered.mixins.json:MinecraftMixin from mod (unknown),pl:mixin:APP:imblocker-neoforge.mixins.json:MinecraftClientMixin from mod imblocker,pl:mixin:APP:modernfix-modernfix.mixins.json:feature.remove_telemetry.MinecraftMixin_Telemetry from mod modernfix,pl:mixin:A,pl:runtimedistcleaner:A}
	at TRANSFORMER/minecraft@1.21.1/net.minecraft.client.Minecraft.emergencySaveAndCrash(Minecraft.java:868) ~[client-1.21.1-20240808.144430-srg.jar%23247!/:?] {re:mixin,pl:accesstransformer:B,pl:runtimedistcleaner:A,re:classloading,pl:accesstransformer:B,pl:mixin:APP:mixins.modernui-neoforge.json:MixinMinecraft from mod modernui,pl:mixin:APP:lithium-neoforge.mixins.json:startup.MinecraftMixin from mod lithium,pl:mixin:APP:journeymap.mixins.json:client.MinecraftMixin from mod journeymap,pl:mixin:APP:modernfix-modernfix.mixins.json:perf.dedicated_reload_executor.MinecraftMixin from mod modernfix,pl:mixin:APP:modernfix-modernfix.mixins.json:perf.encoder_cache_leak.MinecraftMixin from mod modernfix,pl:mixin:APP:modernfix-modernfix.mixins.json:perf.suspend_integrated_server_during_load.MinecraftMixin from mod modernfix,pl:mixin:APP:modernfix-modernfix.mixins.json:bugfix.world_leaks.MinecraftMixin from mod modernfix,pl:mixin:APP:modernfix-modernfix.mixins.json:feature.measure_time.MinecraftMixin from mod modernfix,pl:mixin:APP:modernfix-modernfix.mixins.json:feature.measure_time.MinecraftMixin_Forge from mod modernfix,pl:mixin:APP:emlib.mixins.json:MinecraftMixin from mod emlib,pl:mixin:APP:mixins.core.replaymod.json:MixinMinecraft from mod reforgedplaymod,pl:mixin:APP:mixins.core.replaymod.json:MinecraftAccessor from mod reforgedplaymod,pl:mixin:APP:mixins.jgui.json:Mixin_PassEvents_HandleKeybinds from mod reforgedplaymod,pl:mixin:APP:mixins.jgui.json:MixinMinecraft from mod reforgedplaymod,pl:mixin:APP:mixins.render.replaymod.json:Mixin_SuppressFramebufferResizeDuringRender from mod reforgedplaymod,pl:mixin:APP:mixins.replay.replaymod.json:Mixin_HandleInputsInReplay from mod reforgedplaymod,pl:mixin:APP:mixins.iris.json:MixinMinecraft_Images from mod iris,pl:mixin:APP:mixins.iris.json:MixinMinecraft_Keybinds from mod iris,pl:mixin:APP:mixins.iris.json:MixinMinecraft_PipelineManagement from mod iris,pl:mixin:APP:bookshelf.mixins.json:access.client.AccessorMinecraft from mod bookshelf,pl:mixin:APP:pickupnotifier.common.mixins.json:client.MinecraftMixin from mod pickupnotifier,pl:mixin:APP:sodium-common.mixins.json:core.MinecraftMixin from mod sodium,pl:mixin:APP:sodium-neoforge.mixins.json:platform.neoforge.EntrypointMixin from mod sodium,pl:mixin:APP:mixins.sodiumdynamiclights.json:MinecraftClientMixin from mod sodiumdynamiclights,pl:mixin:APP:physicsmod.mixins.json:MixinMinecraft from mod physicsmod,pl:mixin:APP:physicsmod.mixins.json:cloth.MixinMinecraft from mod physicsmod,pl:mixin:APP:physicsmod.mixins.json:fabricapi.MixinMinecraft from mod physicsmod,pl:mixin:APP:entityculling.mixins.json:DebugScreenEntriesAccessor from mod entityculling,pl:mixin:APP:entityculling.mixins.json:LivingEntityRendererAccessor from mod entityculling,pl:mixin:APP:transition.mixins.json:EntityRenderStateMixin from mod transition,pl:mixin:APP:transition.mixins.json:EntityRendererMixin from mod transition,pl:mixin:APP:transition.mixins.json:BlockEntityRenderStateMixin from mod transition,pl:mixin:APP:transition.mixins.json:MinecraftMixin from mod transition,pl:mixin:APP:itemphysic.mixins.json:MinecraftMixin from mod itemphysic,pl:mixin:APP:playerrevive.mixins.json:MinecraftAccessor from mod playerrevive,pl:mixin:APP:sound_physics_remastered.mixins.json:MinecraftMixin from mod (unknown),pl:mixin:APP:imblocker-neoforge.mixins.json:MinecraftClientMixin from mod imblocker,pl:mixin:APP:modernfix-modernfix.mixins.json:feature.remove_telemetry.MinecraftMixin_Telemetry from mod modernfix,pl:mixin:A,pl:runtimedistcleaner:A}
	at TRANSFORMER/minecraft@1.21.1/net.minecraft.client.Minecraft.run(Minecraft.java:825) ~[client-1.21.1-20240808.144430-srg.jar%23247!/:?] {re:mixin,pl:accesstransformer:B,pl:runtimedistcleaner:A,re:classloading,pl:accesstransformer:B,pl:mixin:APP:mixins.modernui-neoforge.json:MixinMinecraft from mod modernui,pl:mixin:APP:lithium-neoforge.mixins.json:startup.MinecraftMixin from mod lithium,pl:mixin:APP:journeymap.mixins.json:client.MinecraftMixin from mod journeymap,pl:mixin:APP:modernfix-modernfix.mixins.json:perf.dedicated_reload_executor.MinecraftMixin from mod modernfix,pl:mixin:APP:modernfix-modernfix.mixins.json:perf.encoder_cache_leak.MinecraftMixin from mod modernfix,pl:mixin:APP:modernfix-modernfix.mixins.json:perf.suspend_integrated_server_during_load.MinecraftMixin from mod modernfix,pl:mixin:APP:modernfix-modernfix.mixins.json:bugfix.world_leaks.MinecraftMixin from mod modernfix,pl:mixin:APP:modernfix-modernfix.mixins.json:feature.measure_time.MinecraftMixin from mod modernfix,pl:mixin:APP:modernfix-modernfix.mixins.json:feature.measure_time.MinecraftMixin_Forge from mod modernfix,pl:mixin:APP:emlib.mixins.json:MinecraftMixin from mod emlib,pl:mixin:APP:mixins.core.replaymod.json:MixinMinecraft from mod reforgedplaymod,pl:mixin:APP:mixins.core.replaymod.json:MinecraftAccessor from mod reforgedplaymod,pl:mixin:APP:mixins.jgui.json:Mixin_PassEvents_HandleKeybinds from mod reforgedplaymod,pl:mixin:APP:mixins.jgui.json:MixinMinecraft from mod reforgedplaymod,pl:mixin:APP:mixins.render.replaymod.json:Mixin_SuppressFramebufferResizeDuringRender from mod reforgedplaymod,pl:mixin:APP:mixins.replay.replaymod.json:Mixin_HandleInputsInReplay from mod reforgedplaymod,pl:mixin:APP:mixins.iris.json:MixinMinecraft_Images from mod iris,pl:mixin:APP:mixins.iris.json:MixinMinecraft_Keybinds from mod iris,pl:mixin:APP:mixins.iris.json:MixinMinecraft_PipelineManagement from mod iris,pl:mixin:APP:bookshelf.mixins.json:access.client.AccessorMinecraft from mod bookshelf,pl:mixin:APP:pickupnotifier.common.mixins.json:client.MinecraftMixin from mod pickupnotifier,pl:mixin:APP:sodium-common.mixins.json:core.MinecraftMixin from mod sodium,pl:mixin:APP:sodium-neoforge.mixins.json:platform.neoforge.EntrypointMixin from mod sodium,pl:mixin:APP:mixins.sodiumdynamiclights.json:MinecraftClientMixin from mod sodiumdynamiclights,pl:mixin:APP:physicsmod.mixins.json:MixinMinecraft from mod physicsmod,pl:mixin:APP:physicsmod.mixins.json:cloth.MixinMinecraft from mod physicsmod,pl:mixin:APP:physicsmod.mixins.json:fabricapi.MixinMinecraft from mod physicsmod,pl:mixin:APP:entityculling.mixins.json:DebugScreenEntriesAccessor from mod entityculling,pl:mixin:APP:entityculling.mixins.json:LivingEntityRendererAccessor from mod entityculling,pl:mixin:APP:transition.mixins.json:EntityRenderStateMixin from mod transition,pl:mixin:APP:transition.mixins.json:EntityRendererMixin from mod transition,pl:mixin:APP:transition.mixins.json:BlockEntityRenderStateMixin from mod transition,pl:mixin:APP:transition.mixins.json:MinecraftMixin from mod transition,pl:mixin:APP:itemphysic.mixins.json:MinecraftMixin from mod itemphysic,pl:mixin:APP:playerrevive.mixins.json:MinecraftAccessor from mod playerrevive,pl:mixin:APP:sound_physics_remastered.mixins.json:MinecraftMixin from mod (unknown),pl:mixin:APP:imblocker-neoforge.mixins.json:MinecraftClientMixin from mod imblocker,pl:mixin:APP:modernfix-modernfix.mixins.json:feature.remove_telemetry.MinecraftMixin_Telemetry from mod modernfix,pl:mixin:A,pl:runtimedistcleaner:A}
	at TRANSFORMER/minecraft@1.21.1/net.minecraft.client.main.Main.main(Main.java:230) ~[client-1.21.1-20240808.144430-srg.jar%23247!/:?] {re:mixin,pl:runtimedistcleaner:A,re:classloading,pl:mixin:APP:physicsmod.mixins.json:MixinMain from mod physicsmod,pl:mixin:A,pl:runtimedistcleaner:A}
	at java.base/jdk.internal.reflect.DirectMethodHandleAccessor.invoke(DirectMethodHandleAccessor.java:103) ~[?:?] {}
	at java.base/java.lang.reflect.Method.invoke(Method.java:580) ~[?:?] {}
	at MC-BOOTSTRAP/fml_loader@4.0.42/net.neoforged.fml.loading.targets.CommonLaunchHandler.runTarget(CommonLaunchHandler.java:136) ~[loader-4.0.42.jar%23161!/:4.0] {}
	at MC-BOOTSTRAP/fml_loader@4.0.42/net.neoforged.fml.loading.targets.CommonLaunchHandler.clientService(CommonLaunchHandler.java:124) ~[loader-4.0.42.jar%23161!/:4.0] {}
	at MC-BOOTSTRAP/fml_loader@4.0.42/net.neoforged.fml.loading.targets.CommonClientLaunchHandler.runService(CommonClientLaunchHandler.java:32) ~[loader-4.0.42.jar%23161!/:4.0] {}
	at MC-BOOTSTRAP/fml_loader@4.0.42/net.neoforged.fml.loading.targets.CommonLaunchHandler.lambda$launchService$4(CommonLaunchHandler.java:118) ~[loader-4.0.42.jar%23161!/:4.0] {}
	at MC-BOOTSTRAP/cpw.mods.modlauncher@11.0.5/cpw.mods.modlauncher.LaunchServiceHandlerDecorator.launch(LaunchServiceHandlerDecorator.java:30) [modlauncher-11.0.5.jar%23166!/:?] {}
	at MC-BOOTSTRAP/cpw.mods.modlauncher@11.0.5/cpw.mods.modlauncher.LaunchServiceHandler.launch(LaunchServiceHandler.java:53) [modlauncher-11.0.5.jar%23166!/:?] {}
	at MC-BOOTSTRAP/cpw.mods.modlauncher@11.0.5/cpw.mods.modlauncher.LaunchServiceHandler.launch(LaunchServiceHandler.java:71) [modlauncher-11.0.5.jar%23166!/:?] {}
	at MC-BOOTSTRAP/cpw.mods.modlauncher@11.0.5/cpw.mods.modlauncher.Launcher.run(Launcher.java:103) [modlauncher-11.0.5.jar%23166!/:?] {}
	at MC-BOOTSTRAP/cpw.mods.modlauncher@11.0.5/cpw.mods.modlauncher.Launcher.main(Launcher.java:74) [modlauncher-11.0.5.jar%23166!/:?] {}
	at MC-BOOTSTRAP/cpw.mods.modlauncher@11.0.5/cpw.mods.modlauncher.BootstrapLaunchConsumer.accept(BootstrapLaunchConsumer.java:26) [modlauncher-11.0.5.jar%23166!/:?] {}
	at MC-BOOTSTRAP/cpw.mods.modlauncher@11.0.5/cpw.mods.modlauncher.BootstrapLaunchConsumer.accept(BootstrapLaunchConsumer.java:23) [modlauncher-11.0.5.jar%23166!/:?] {}
	at cpw.mods.bootstraplauncher@2.0.2/cpw.mods.bootstraplauncher.BootstrapLauncher.run(BootstrapLauncher.java:210) [bootstraplauncher-2.0.2.jar:?] {}
	at cpw.mods.bootstraplauncher@2.0.2/cpw.mods.bootstraplauncher.BootstrapLauncher.main(BootstrapLauncher.java:69) [bootstraplauncher-2.0.2.jar:?] {}


-- Last reload --
Details:
	Reload number: 1
	Reload reason: initial
	Finished: Yes
	Packs: vanilla, replaymod_lang

-- System Details --
Details:
	Minecraft Version: 1.21.1
	Minecraft Version ID: 1.21.1
	Operating System: Windows 10 (amd64) version 10.0
	Java Version: 21.0.11, Oracle Corporation
	Java VM Version: Java HotSpot(TM) 64-Bit Server VM (mixed mode, sharing), Oracle Corporation
	Memory: 1320523952 bytes (1259 MiB) / 2113929216 bytes (2016 MiB) up to 9126805504 bytes (8704 MiB)
	CPUs: 16
	Processor Vendor: GenuineIntel
	Processor Name: Intel(R) Core(TM) i9-9900K CPU @ 3.60GHz
	Identifier: Intel64 Family 6 Model 158 Stepping 13
	Microarchitecture: Coffee Lake
	Frequency (GHz): 3.60
	Number of physical packages: 1
	Number of physical CPUs: 8
	Number of logical CPUs: 16
	Graphics card #0 name: Radeon Pro 580X
	Graphics card #0 vendor: Advanced Micro Devices, Inc.
	Graphics card #0 VRAM (MiB): 8192.00
	Graphics card #0 deviceId: VideoController1
	Graphics card #0 versionInfo: 30.0.13045.22003
	Memory slot #0 capacity (MiB): 16384.00
	Memory slot #0 clockSpeed (GHz): 2.67
	Memory slot #0 type: DDR4
	Memory slot #1 capacity (MiB): 16384.00
	Memory slot #1 clockSpeed (GHz): 2.67
	Memory slot #1 type: DDR4
	Virtual memory max (MiB): 34694.17
	Virtual memory used (MiB): 15513.48
	Swap memory total (MiB): 2048.00
	Swap memory used (MiB): 0.00
	Space in storage for jna.tmpdir (MiB): available: 169691.66, total: 306332.66
	Space in storage for org.lwjgl.system.SharedLibraryExtractPath (MiB): available: 169691.66, total: 306332.66
	Space in storage for io.netty.native.workdir (MiB): available: 169691.66, total: 306332.66
	Space in storage for java.io.tmpdir (MiB): available: 169691.66, total: 306332.66
	Space in storage for workdir (MiB): available: 169691.66, total: 306332.66
	JVM Flags: 12 total; -XX:HeapDumpPath=MojangTricksIntelDriversForPerformance_javaw.exe_minecraft.exe.heapdump -XX:-OmitStackTraceInFastThrow -Xmx8704m -XX:+UnlockExperimentalVMOptions -XX:+UseG1GC -XX:G1NewSizePercent=20 -XX:G1ReservePercent=20 -XX:G1HeapRegionSize=32M -XX:MaxGCPauseMillis=50 -XX:+PerfDisableSharedMem -XX:MinHeapFreeRatio=25 -XX:MaxHeapFreeRatio=40
	Loaded Shaderpack: (off)
	Launched Version: CGC neoforge 1.21.1
	Launcher name: PCL
	Backend library: LWJGL version 3.3.3+5
	Backend API: Radeon Pro 580X GL version 4.6.14761 Core Profile Forward-Compatible Context FireGL 21.30.45.22 30.0.13045.22003, ATI Technologies Inc.
	Window size: 1083x605
	GFLW Platform: win32
	GL Caps: Using framebuffer using OpenGL 3.2
	GL debug messages: 
	Is Modded: Definitely; Client brand changed to 'neoforge'
	Universe: 400921fb54442d18
	Type: Client (map_client.txt)
	Graphics mode: fast
	Render Distance: 20/20 chunks
	Resource Packs: vanilla
	Current Language: zh_cn
	Locale: zh_CN
	System encoding: GBK
	File encoding: UTF-8
	CPU: 16x Intel(R) Core(TM) i9-9900K CPU @ 3.60GHz
	ModLauncher: 11.0.5+main.901c6ea8
	ModLauncher launch target: forgeclient
	ModLauncher services: 
		sponge-mixin-0.15.2+mixin.0.8.7.jar mixin PLUGINSERVICE 
		loader-4.0.42.jar slf4jfixer PLUGINSERVICE 
		loader-4.0.42.jar runtime_enum_extender PLUGINSERVICE 
		at-modlauncher-10.0.1.jar accesstransformer PLUGINSERVICE 
		loader-4.0.42.jar runtimedistcleaner PLUGINSERVICE 
		modlauncher-11.0.5.jar mixin TRANSFORMATIONSERVICE 
		modlauncher-11.0.5.jar fml TRANSFORMATIONSERVICE 
		modlauncher-11.0.5.jar customskinloader-bootstrap TRANSFORMATIONSERVICE 
	FML Language Providers: 
		kotlinforforge@5.10.0
		javafml@4.0
		lowcodefml@4.0
		minecraft@4.0
	Mod List: 
		accessible-step-neoforge-mc1.21.1-2.2.2+1.21.1.jar|Accessible Step               |accessible_step               |2.2.2+1.21.1        |Manifest: NOSIGNATURE
		bookshelf-neoforge-1.21.1-21.1.81.jar             |Bookshelf                     |bookshelf                     |21.1.81             |Manifest: NOSIGNATURE
		cameraoverhaulneoforge-1.1-1.21.jar               |CameraOverhaulNeoForge        |cameraoverhaulneoforge        |1.1-1.21            |Manifest: NOSIGNATURE
		cbraddon-0.5.5-neoforge-1.21.1.jar                |CBR addon                     |cbraddon                      |0.5.5               |Manifest: NOSIGNATURE
		cbramachinemax-0.5.6-neoforge-1.21.1.jar          |CBR Addon: MachineMax         |cbramachinemax                |0.5.6               |Manifest: NOSIGNATURE
		cbrantisea-0.5.5-dev1-neoforge-1.21.1.jar         |CBR Anti-sea                  |cbrantisea                    |0.5.5-dev1          |Manifest: NOSIGNATURE
		cgcclegacyitem-26.9.19-neoforge-1.21.x.jar        |CGC Compat: LegacyItem        |cgcclegacyitem                |26.9.19             |Manifest: NOSIGNATURE
		cgccmachinemax-0.0.12.3-neoforge-1.21.1.jar       |CGC Compat: MachineMax        |cgccmachinemax                |0.0.12.3            |Manifest: NOSIGNATURE
		cgccpackloader-26.9.1-neoforge-1.21.1.jar         |CGC Compat: PackLoader        |cgccpackloader                |26.9.1              |Manifest: NOSIGNATURE
		cgccshader-26.9.19-neoforge-1.21.1.jar            |CGC Compat: Shader            |cgccshader                    |26.9.19             |Manifest: NOSIGNATURE
		cgcconfig-26.9.19-neoforge-1.21.x.jar             |CGC Config Addon              |cgcconfig                     |26.9.19             |Manifest: NOSIGNATURE
		chat_heads-0.15.7-neoforge-1.21.jar               |Chat Heads                    |chat_heads                    |0.15.7              |Manifest: NOSIGNATURE
		chatanimation-neoforge-1.3.3+mc1.21.jar           |ChatAnimation                 |chatanimation                 |1.3.3               |Manifest: NOSIGNATURE
		cloth-config-15.0.140-neoforge.jar                |Cloth Config v15 API          |cloth_config                  |15.0.140            |Manifest: NOSIGNATURE
		common-networking-neoforge-1.0.21-1.21.1.jar      |Common Networking             |commonnetworking              |1.0.21-1.21.1       |Manifest: NOSIGNATURE
		Controlling-neoforge-1.21.1-19.0.5.jar            |Controlling                   |controlling                   |19.0.5              |Manifest: NOSIGNATURE
		CreativeCore_NEOFORGE_v2.13.48_mc1.21.1.jar       |CreativeCore                  |creativecore                  |2.13.48             |Manifest: NOSIGNATURE
		cupboard-1.21.1-4.2.jar                           |Cupboard mod                  |cupboard                      |4.2                 |Manifest: NOSIGNATURE
		battleroyale-0.5.6-neoforge-1.21.1.jar            |Custom BattleRoyale           |battleroyale                  |0.5.6               |Manifest: NOSIGNATURE
		customgun-26.9.19-neoforge-1.21.1.jar             |Custom Gun Continued          |customgun                     |26.9.19             |Manifest: NOSIGNATURE
		CustomSkinLoader-Common.jar                       |CustomSkinLoader              |customskinloader              |15.0.1              |Manifest: NOSIGNATURE
		emlib-1.0.2+1.21-neoforge-SNAPSHOT.jar            |EmLib                         |emlib                         |1.0.2               |Manifest: NOSIGNATURE
		[实体渲染机制优化] entityculling-neoforge-1.11.2-mc1.21.1.|EntityCulling                 |entityculling                 |1.11.2              |Manifest: NOSIGNATURE
		fabric-api-base-0.4.42+d1308ded19.jar             |Forgified Fabric API Base     |fabric_api_base               |0.4.42+d1308ded19   |Manifest: NOSIGNATURE
		fabric-block-view-api-v2-1.0.10+9afaaf8c19.jar    |Forgified Fabric BlockView API|fabric_block_view_api_v2      |1.0.10+9afaaf8c19   |Manifest: NOSIGNATURE
		fabric-renderer-api-v1-3.4.1+9125b6dc19.jar       |Forgified Fabric Renderer API |fabric_renderer_api_v1        |3.4.1+9125b6dc19    |Manifest: NOSIGNATURE
		fabric-rendering-data-attachment-v1-0.3.48+73761d2|Forgified Fabric Rendering Dat|fabric_rendering_data_attachme|0.3.48+73761d2e19   |Manifest: NOSIGNATURE
		gliders-1.21.1-neoforge-1.1.8.jar                 |Gliders                       |vc_gliders                    |1.1.8               |Manifest: NOSIGNATURE
		gpumemleakfix-1.21-1.8.jar                        |Gpu memory leak fix           |gpumemleakfix                 |1.8                 |Manifest: NOSIGNATURE
		[输入法冲突修复] IMBlocker-5.6.1-neoforge+1.20.6-1.21.8.j|IMBlocker                     |imblocker                     |5.6.1               |Manifest: NOSIGNATURE
		invtweaks-1.21.1-1.3.2.jar                        |Inventory Tweaks Refoxed      |invtweaks                     |1.21.1-1.3.2        |Manifest: NOSIGNATURE
		iris-neoforge-1.8.14-beta.1+mc1.21.1.jar          |Iris                          |iris                          |1.8.14-beta.1+mc1.21|Manifest: NOSIGNATURE
		ItemPhysic_NEOFORGE_v1.8.14_mc1.21.1.jar          |ItemPhysic                    |itemphysic                    |1.8.14              |Manifest: NOSIGNATURE
		[玉 🔍] Jade-1.21.1-NeoForge-15.10.6.jar           |Jade                          |jade                          |15.10.6+neoforge    |Manifest: NOSIGNATURE
		journeymap-neoforge-1.21.1-6.0.9.jar              |Journeymap                    |journeymap                    |1.21.1-6.0.9        |Manifest: NOSIGNATURE
		journeymap-api-neoforge-2.0.0-1.21.1.jar          |JourneyMap API                |journeymap_api                |2.0.0-1.21.1        |Manifest: NOSIGNATURE
		Kiwi-1.21.1-NeoForge-15.8.7.jar                   |Kiwi Library                  |kiwi                          |15.8.7+neoforge     |Manifest: NOSIGNATURE
		thedarkcolour.kffmod-5.10.0.jar                   |Kotlin For Forge              |kotlinforforge                |5.10.0              |Manifest: NOSIGNATURE
		[锂] lithium-neoforge-0.15.4+mc1.21.1.jar          |Lithium                       |lithium                       |0.15.4+mc1.21.1     |Manifest: NOSIGNATURE
		LongerChatHistory-neoforge-1.7.jar                |Longer Chat History           |longerchathistory             |1.7                 |Manifest: NOSIGNATURE
		MachineMax-1.21.1-1.0.1-beta.1.jar                |Machine Max                   |machine_max                   |1.0.1-beta.1        |Manifest: NOSIGNATURE
		client-1.21.1-20240808.144430-srg.jar             |Minecraft                     |minecraft                     |1.21.1              |Manifest: a1:d4:5e:04:4f:d3:d6:e0:7b:37:97:cf:77:b0:de:ad:4a:47:ce:8c:96:49:5f:0a:cf:8c:ae:b2:6d:4b:8a:3f
		ModernUI-NeoForge-1.21.1-3.13.0.1-universal.jar   |Modern UI                     |modernui                      |3.13.0.1            |Manifest: 01:c4:52:25:b1:6e:5f:ac:fe:88:35:7e:cf:65:2f:69:1d:56:db:2b:93:f8:dd:7c:93:47:04:8c:e4:22:13:91
		modernfix-neoforge-5.27.24+mc1.21.1.jar           |ModernFix                     |modernfix                     |5.27.24+mc1.21.1    |Manifest: NOSIGNATURE
		MouseTweaks-neoforge-mc1.21-2.26.1.jar            |Mouse Tweaks                  |mousetweaks                   |2.26.1              |Manifest: NOSIGNATURE
		neoforge-21.1.219-universal.jar                   |NeoForge                      |neoforge                      |21.1.219            |Manifest: NOSIGNATURE
		nospread-1.1.jar                                  |NoSpread Continued            |nospread                      |1.1.0               |Manifest: NOSIGNATURE
		PassableFoliage-1.21.1-NeoForge-9.3.2.jar         |Passable Foliage              |passablefoliage               |9.3.2+neoforge      |Manifest: NOSIGNATURE
		physics-mod-3.0.34-mc-1.21.1-neoforge.jar         |Physics Mod                   |physicsmod                    |3.0.34              |Manifest: NOSIGNATURE
		PickUpNotifier-v21.1.1-1.21.1-NeoForge.jar        |Pick Up Notifier              |pickupnotifier                |21.1.1              |Manifest: NOSIGNATURE
		playeranimator-658587-6024462.jar                 |Player Animator               |playeranimator                |2.0.1+1.21.1        |Manifest: NOSIGNATURE
		PlayerRevive_NEOFORGE_v2.1.2_mc1.21.1.jar         |PlayerRevive                  |playerrevive                  |2.1.2               |Manifest: NOSIGNATURE
		prickle-neoforge-1.21.1-21.1.11.jar               |PrickleMC                     |prickle                       |21.1.11             |Manifest: NOSIGNATURE
		PuzzlesLib-v21.1.60-mc1.21.1-NeoForge.jar         |Puzzles Lib                   |puzzleslib                    |21.1.60             |Manifest: NOSIGNATURE
		reeses-sodium-options-neoforge-2.2.4+mc1.21.1.jar |Reese's Sodium Options        |reeses_sodium_options         |2.2.4+mc1.21.1      |Manifest: NOSIGNATURE
		reforgedplaymod-1.21.1-0.3.jar                    |ReForgedPlay Mod              |reforgedplaymod               |0.3                 |Manifest: NOSIGNATURE
		Searchables-neoforge-1.21.1-1.0.2.jar             |Searchables                   |searchables                   |1.0.2               |Manifest: NOSIGNATURE
		ShoulderSurfing-NeoForge-1.21.1-5.1.1.jar         |Shoulder Surfing Reloaded     |shouldersurfing               |1.21.1-5.1.1        |Manifest: NOSIGNATURE
		smoothswapping-0.9.3.2-1.21.1-neoforge.jar        |Smooth Swapping               |smoothswapping                |0.9.3.2             |Manifest: NOSIGNATURE
		smoothchunk-1.21-4.1.jar                          |Smoothchunk mod               |smoothchunk                   |4.1                 |Manifest: NOSIGNATURE
		net.caffeinemc.sodium-neoforge-0.8.13+mc1.21.1-mod|Sodium                        |sodium                        |0.8.13+mc1.21.1     |Manifest: NOSIGNATURE
		sodiumdynamiclights-neoforge-1.0.10-1.21.1.jar    |Sodium Dynamic Lights         |sodiumdynamiclights           |1.0.9               |Manifest: NOSIGNATURE
		sound-physics-remastered-neoforge-1.21.1-1.5.1.jar|Sound Physics Remastered      |sound_physics_remastered      |1.21.1-1.5.1        |Manifest: NOSIGNATURE
		SparkCore-1.21.1-neoforge-1.0.1023.jar            |Spark Core                    |spark_core                    |1.0.1023            |Manifest: NOSIGNATURE
		armorscaling-0.5.4-customgun-neoforge-1.21.1.jar  |TaCZ Armor Scaling (CGC)      |armorscaling                  |0.5.4-customgun     |Manifest: NOSIGNATURE
		io.github.sweetzonzi.terminal_ballistics-1.21.1-1.|Terminal Ballistics           |terminal_ballistics           |1.0-SNAPSHOT        |Manifest: NOSIGNATURE
		tramplenomore-neoforge-1.21.1-21.1.2.jar          |TrampleNoMore                 |tramplenomore                 |21.1.2              |Manifest: NOSIGNATURE
		TRansition-1.0.25-1.21.1-neoforge-SNAPSHOT.jar    |TRansition                    |transition                    |1.0.25              |Manifest: NOSIGNATURE
		TRender-1.0.17-1.21.1-neoforge-SNAPSHOT.jar       |TRender                       |trender                       |1.0.17              |Manifest: NOSIGNATURE
		worldedit-mod-7.3.8.jar                           |WorldEdit                     |worldedit                     |7.3.8+6939-7d32b45  |Manifest: NOSIGNATURE
	Crash Report UUID: d48dec1d-4830-49df-888a-4e8d35cce79c
	FML: 4.0.42
	NeoForge: 21.1.219
[259月2026 16:24:59.865] [Render thread/FATAL] [net.neoforged.neoforge.common.NeoForgeMod/]: Preparing crash report with UUID 210cb71c-529a-4721-8b89-a355e0eb65d5
[259月2026 16:24:59.868] [Render thread/INFO] [STDOUT/]: [net.minecraft.server.Bootstrap:realStdoutPrintln:135]: #@!@# Game crashed! Crash report saved to: #@!@# C:\Users\*\AppData\Roaming\PCL2\.minecraft\versions\CGC neoforge 1.21.1\crash-reports\crash-2026-09-25_16.24.59-client.txt
